Full_Verse,First_Sadr,First_Ajz,Second_Sadr,Second_Ajz,Fifth_Verse,??? ??????,??? ????(???/????/???),????? ???? ????? ?? ??,??? ??????? 
???? ?? ???? ???? ???? ???? ? ?????? ??? ?????? ???? . ?????? ??? ???? ????? ??? . ???? ????? ???? ???????,???? ?? ???? ???? ???? ????,?????? ??? ?????? ????,?????? ??? ???? ????? ???,???? ????? ???? ???????,,???? ,?????,???,4
?????? ??? ??? ???? ??? ???? .. ???? ???? ?? ?????? ???? .. ????? ???? ???? ??? ???? .. ???? ????? ??? ????? ???? ?? .. ???? ????? ????? ????? ???? ??,?????? ??? ??? ???? ??? ????,???? ???? ?? ?????? ????,????? ???? ???? ??? ????,???? ????? ??? ????? ???? ??,???? ????? ????? ????? ???? ??,????,?????,???,2
??? ?? ?? ?????? .. ????? ??? ?? ?? ?????? .. ??? ???? ?????? ?? ?????? .. ??? ???? ??? ?? ?????? .. ??? ??? ??? ?? ???? ????? ???????,??? ?? ?? ??????,????? ??? ?? ?? ??????,??? ???? ?????? ?? ??????,??? ???? ??? ?? ??????,??? ??? ??? ?? ???? ????? ???????,???? ,?????? ,???,3
?????? ????? ??? ???? ???? .. ???? ?? ?????? ????? ?? ???? .. ???? ???????? ????? ?? ???? .. ?? ????? ???? ?? ???? ??????,?????? ????? ??? ???? ????,???? ?? ?????? ????? ?? ????,???? ???????? ????? ?? ????,?? ????? ???? ?? ???? ??????,,?????,???,???,2
???? ??? ???? ?????? ??? ????? .. ????? ?? ???? ?????? ?? ??????? .. ?????? ??? ?????? ???? ????? .. ???? ?? ?????? ??? ????? ??????,???? ??? ???? ?????? ??? ?????,????? ?? ???? ?????? ?? ???????,?????? ??? ?????? ???? ?????,???? ?? ?????? ??? ????? ??????,,??????? ???? ?????,???,???,2
????? ?????? ???? ?????? ???? .. ??????? ??? ???? ???? ?? ???? .. ?? ???? ????? ?? ??????? ???? .. ?????? ?????? ??? ?????? ?? ????,????? ?????? ???? ?????? ????,??????? ??? ???? ???? ?? ????,?? ???? ????? ?? ??????? ????,?????? ?????? ??? ?????? ?? ????,,??? ??? ????,???,???,2
??????? ????? ????? ?? ???? .. ??????? ????? ?????? ?????? .. ??????? ?????? ???????? ???? .. ????? ???? ?? ?????? ?? ????? .. ????? ????? ????? ?? ???????,??????? ????? ????? ?? ????,??????? ????? ?????? ??????,??????? ?????? ???????? ????,????? ???? ?? ?????? ?? ?????,????? ????? ????? ?? ???????,????,???,???,3
??????? ????? ????????? ????? .. ??????? ?????? ???????? ????? .. ????? ???? ?? ?????? ????? .. ????? ????? ????? ?????? ???,??????? ????? ????????? ?????,??????? ?????? ???????? ?????,????? ???? ?? ?????? ?????,????? ????? ????? ?????? ???,,????,???,???,2
?? ???? ????? ?????? ?? ???? .. ??? ??? ?? ???? ?????? ???? .. ??? ?? ???? ?? ????? ?? ???? .. ??? ????? ??? ???? ?????? ??,?? ???? ????? ?????? ?? ????,??? ??? ?? ???? ?????? ????,??? ?? ???? ?? ????? ?? ????,??? ????? ??? ???? ?????? ??,,???????,???/???,???,2
?? ???? ????? ?????? ?? ?? ???? .. ??? ??? ?? ????? ????? ????? .. ??? ?? ???? ?? ????? ?? ????? .. ??? ????? ??? ???? ?????? ????,?? ???? ????? ?????? ?? ?? ????,??? ??? ?? ????? ????? ?????,??? ?? ???? ?? ????? ?? ?????,??? ????? ??? ???? ?????? ????,,???????,???/???,???,2
???? ??? ???? ?????? ?? ???? ?????? .. ???? ????? ????? ??????? ???? .. ???? ?? ????? ??????? ???? ????? .. ?? ?????? ??? ?? ???? ???????,???? ??? ???? ?????? ?? ???? ??????,???? ????? ????? ??????? ????,???? ?? ????? ??????? ???? ?????,?? ?????? ??? ?? ???? ???????,,????? ?????,,???,2
?? ?? ????? ????? ???? ??? ????? .. ??? ?????? ?? ???? ????? ??????? .. ????? ????? ?????? ?????? ?? ????? .. ??? ???? ?? ???? ?????? ?????,?? ?? ????? ????? ???? ??? ?????,??? ?????? ?? ???? ????? ???????,????? ????? ?????? ?????? ?? ?????,??? ???? ?? ???? ?????? ?????,,????? ?????,???,???,2
??? ???? ??????? ???? ?????? .. ?? ?????? ????? ???? ????? .. ????? ??? ??? ?????? ???? ?? ????? .. ??? ??? ???????? ????? ????? ,??? ???? ??????? ???? ??????,?? ?????? ????? ???? ?????,????? ??? ??? ?????? ???? ?? ?????,??? ??? ???????? ????? ?????,,????? ?????,,???,2
????? ?? ????? ???? ??????? .. ????? ??????? ?????? ??????? .. ????? ?? ?? ????? ????? .. ????? ?????? ????? ????? ????,????? ?? ????? ???? ???????,????? ??????? ?????? ???????,????? ?? ?? ????? ?????,????? ?????? ????? ????? ????,,?? ??????,???? ?????? ,???,2
????? ?? ????? ?????? ?? ????? .. ????? ??????? ????? ?????? .. ?? ???? ??? ?????? ??? ?? ???? .. ?????? ?????? ??? ?????? ?? ???,????? ?? ????? ?????? ?? ?????,????? ??????? ????? ??????,?? ???? ??? ?????? ??? ?? ????,?????? ?????? ??? ?????? ?? ???,,??????? ????????? (????? ??????),???? ?? ?????? (??),???,2
?? ?????? ?????? ?????? ????? .. ??? ??? ????? ?????? ???? .. ??????? ??? ???? ??? ????? .. ???? ??????? ?????? ??????,?? ?????? ?????? ?????? ?????,??? ??? ????? ?????? ???? ,??????? ??? ???? ??? ?????,???? ??????? ?????? ??????,,???? ??? ??????,???,???,2
??????? ???? ??????? ???? ??? .. ???? ?????? ????? ???? ????? .. ???? ???? ????? ?????? ????? .. ???? ???? ???? ?????? ?? ???????,??????? ???? ??????? ???? ???,???? ?????? ????? ???? ?????,???? ???? ????? ?????? ?????,???? ???? ???? ?????? ?? ???????,,??? ???????,,???,2
????? ?????? ??? ???? ?? ????? .. ????? ?????? ??? ??????? ???? .. ?? ??? ?????? ????? ??? ?????? .. ?? ??? ?????? ??? ?????? ??????,????? ?????? ??? ???? ?? ?????,????? ?????? ??? ??????? ????,?? ??? ?????? ????? ??? ??????,?? ??? ?????? ??? ?????? ??????,,??? ???????,,???,2
?? ????? ????  ??? ????? ??????? .. ??? ???? ???? ???? ???? ????? .. ???? ??????? ?? ???? ?????? .. ????? ??????? ???? ????? ????? ,?? ????? ????  ??? ????? ???????,??? ???? ???? ???? ???? ?????,???? ??????? ?? ???? ??????,????? ??????? ???? ????? ?????,,??? ???????,,???,2
????? ?????? ???? ????? ??? ???? .. ?????? ????? ???? ???? ????? .. ??? ??? ??????? ??? ??? ?????? .. ??? ???? ???? ??? ?????? ??????,????? ?????? ???? ????? ??? ????,?????? ????? ???? ???? ?????,??? ??? ??????? ??? ??? ??????,??? ???? ???? ??? ?????? ??????,,??? ???????,,???,2
?? ????? ?? ????? ?????? .. ??? ???? ????? ??? ???? ????? .. ????? ?????? ???? ??? ?????? .. ????? ?? ??? ?? ???? ?? ?????,?? ????? ?? ????? ??????,??? ???? ????? ??? ???? ?????,????? ?????? ???? ??? ??????,????? ?? ??? ?? ???? ?? ?????,,?? ??????,???,,2
??? ?? ????? ?? ???? ???? ????? .. ???? ???? ?????? ????? ?? ?????? .. ???? ??? ??????? ??? ??? ?? ???? .. ??? ???? ???? ????? ??? ?????,??? ?? ????? ?? ???? ???? ?????,???? ???? ?????? ????? ?? ??????,???? ??? ??????? ??? ??? ?? ????,??? ???? ???? ????? ??? ?????,,?? ??????,???,,2
????? ????? ??? ??????? ????? .. ??? ?? ???? ??? ???? ????? ????? .. ???? ???? ???? ??? ????? ????? .. ???? ??????? ??? ???? ??? ??????,????? ????? ??? ??????? ?????,??? ?? ???? ??? ???? ????? ?????,???? ???? ???? ??? ????? ?????,???? ??????? ??? ???? ??? ??????,,??? ?? ??? ?????,???,,2
??? ???? ???? ???? ???? ?????? .. ????? ?????? ????? ?? ?????? .. ????? ??????? ?????? ???? ????? .. ??? ??????? ??? ???? ??????,??? ???? ???? ???? ???? ??????,????? ?????? ????? ?? ??????,????? ??????? ?????? ???? ?????,??? ??????? ??? ???? ??????,,??? ?? ??? ?????,???,,2
????? ?? ?? ?? ?? ???? ??? ????? .. ??? ???? ????? ??? ?? ????? .. ??? ??? ????? ?? ????? ???? ????? .. ??? ??? ????? ???? ????? ?????,????? ?? ?? ?? ?? ???? ??? ?????,??? ???? ????? ??? ?? ?????,??? ??? ????? ?? ????? ???? ?????,??? ??? ????? ???? ????? ?????,,??? ?? ??? ?????,???,,2
???? ?? ????? ???? ?? ????? .. ??? ????? ?????? ???? ?? ???? .. ????? ???? ??? ?? ????? ?? ????? .. ???? ??????? ????? ?? ??? ????,???? ?? ????? ???? ?? ?????,??? ????? ?????? ???? ?? ????,????? ???? ??? ?? ????? ?? ?????,???? ??????? ????? ?? ??? ????,,??? ?? ??? ?????,???,,2
?????? ????? ?????? ?? ???? .. ??? ??? ?? ????? ?????? ???? .. ??? ?? ???? ?? ????? ??? ???? .. ??? ????? ??? ???? ?????? ??,?????? ????? ?????? ?? ????,??? ??? ?? ????? ?????? ????,??? ?? ???? ?? ????? ??? ????,??? ????? ??? ???? ?????? ??,,,???,,2
???? ?????? ???????? ????? ??? .. ???? ???? ??? ??? ?????? ?????? .. ???? ??????? ?????? ??????? ???? .. ????? ????? ?????? ?????? ????,???? ?????? ???????? ????? ???,???? ???? ??? ??? ?????? ??????,???? ??????? ?????? ??????? ????,????? ????? ?????? ?????? ????,,??? ??? ?????? ??????,,,
???? ????? ???????? ????? ????? .. ???? ?? ?????? ?????? ?? ???? .. ???? ???? ??? ???? ?? ????? ???? .. ???????? ????? ?? ?? ????? ????,???? ????? ???????? ????? ?????,???? ?? ?????? ?????? ?? ????,???? ???? ??? ???? ?? ????? ????,???????? ????? ?? ?? ????? ????,,??????? ?????,,,
????? ????? ??? ????? ????? .. ?? ????? ??? ??? ????? ????? .. ??? ???? ???? ????? ???? ????? .. ???? ???? ?? ??? ???????,????? ????? ??? ????? ?????,?? ????? ??? ??? ????? ?????,??? ???? ???? ????? ???? ?????,???? ???? ?? ??? ???????,,??????,,,
??? ??? ???? ?????? ?? ?????? ?? ??? ??? .. ?? ??? ???? ??? ?????? ?? ??? ??? .. ??? ???? ???? ??? ?????? ?????? .. ????? ?? ?? ?? ???? ?? ????? ??????,??? ??? ???? ?????? ?? ?????? ?? ??? ???,?? ??? ???? ??? ?????? ?? ??? ???,??? ???? ???? ??? ?????? ??????,????? ?? ?? ?? ???? ?? ????? ??????,,????? ?? ?????,,,
????? ?????? ????? ?????? ???? .. ???? ???? ???? ?? ??? ????? .. ??? ??????? ???? ???????? ???? .. ??? ????? ???? ?? ??? ?????,????? ?????? ????? ?????? ????,???? ???? ???? ?? ??? ?????,??? ??????? ???? ???????? ????,??? ????? ???? ?? ??? ?????,,?????????,???,?????,
?? ???? ????? ??? ??????? .. ????? ?????? ?????? ??????? .. ??? ???? ?? ??? ?????? ???? .. ?????? ?? ???? ???? ??? ?????,?? ???? ????? ??? ???????,????? ?????? ?????? ???????,??? ???? ?? ??? ?????? ????,?????? ?? ???? ???? ??? ?????,,??????? ?? ??????,,?????,
????? ???? ?????? ?????? ????? .. ????? ????? ????? ???? ?? ????? .. ????? ??????? ????????? ????? .. ????? ????? ?? ????? ???????,????? ???? ?????? ?????? ?????,????? ????? ????? ???? ?? ?????,????? ??????? ????????? ?????,????? ????? ?? ????? ???????,,???? ????????? ?????,,?????,
??? ??? ????? ????? ????? ???? .. ????? ???? ???? ?????? ???? .. ???? ????? ??????? ???? ????? .. ???? ???? ????? ????? ???? ????,??? ??? ????? ????? ????? ????,????? ???? ???? ?????? ????,???? ????? ??????? ???? ?????,???? ???? ????? ????? ???? ????,,?????????,,?????,
?????? ????? ?????? ?? ???? .. ??? ????? ?? ???? ??? ???? .. ???? ???? ???? ???? ??????? .. ????? ?? ?????? ??? ?????? ?????,?????? ????? ?????? ?? ????,??? ????? ?? ???? ??? ????,???? ???? ???? ???? ???????,????? ?? ?????? ??? ?????? ?????,,????? ?????,,,
?? ?? ???? ??? ?? ?????? .. ???? ?? ????? ?????? ??? .. ??? ?? ?????? ???? ???? .. ????? ???? ??? ?? ????? ????,?? ?? ???? ??? ?? ??????,???? ?? ????? ?????? ???,??? ?? ?????? ???? ????,????? ???? ??? ?? ????? ????,,??????? ?? ??????,???,?????,
?? ????? ????? ???? ???? .. ????? ?? ??? ???? ????? .. ???? ????? ???? ?? ????? .. ?????? ???????? ?? ?????????,?? ????? ????? ???? ????,????? ?? ??? ???? ?????,???? ????? ???? ?? ?????,?????? ???????? ?? ?????????,,??????? ?? ??????,???,?????,
?? ???????? ??? ????? .. ????? ?????? ?????? ????? .. ??? ?? ?????? ?? ???? ???? .. ????? ???? ?? ?? ?????? ?????,?? ???????? ??? ?????,????? ?????? ?????? ?????,??? ?? ?????? ?? ???? ????,????? ???? ?? ?? ?????? ?????,,??????? ?? ??????,???,?????,
?? ???????? ????? ???? .. ???? ?? ????? ?? ???? .. ??? ??? ????? ???? ????? .. ??? ????? ?? ???? ????,?? ???????? ????? ????,???? ?? ????? ?? ????,??? ??? ????? ???? ?????,??? ????? ?? ???? ????,,??????? ?? ??????,???,?????,
?? ????? ???? ???? ??? .. ???? ?? ???? ???? ?? ??? .. ??? ????? ??? ???? ???? ??? .. ??? ?????? ???? ??? ??????,?? ????? ???? ???? ???,???? ?? ???? ???? ?? ???,??? ????? ??? ???? ???? ???,??? ?????? ???? ??? ??????,,??????? ?? ??????,???,?????,
?? ?????? ??? ??? ??????? .. ????? ?????? ???? ?? ????? .. ???? ????? ??? ????? ?? ???? .. ??? ????? ????? ???? ????,?? ?????? ??? ??? ???????,????? ?????? ???? ?? ?????,???? ????? ??? ????? ?? ????,??? ????? ????? ???? ????,,??????? ?? ??????,???,?????,
?? ????? ??? ??? ??????? .. ??? ???? ??? ????? ??????? .. ???? ???? ????? ?? ????? .. ??? ??????? ??? ???? ??????,?? ????? ??? ??? ???????,??? ???? ??? ????? ???????,???? ???? ????? ?? ?????,??? ??????? ??? ???? ??????,,??????? ?? ??????,???,?????,
??????? ??? ??? ????? ?? ????? .. ????? ??????? ?????? ?? ?????? .. ?? ????? ??? ????? ??? ?????? .. ??? ????? ??? ???? ????? ??????,??????? ??? ??? ????? ?? ?????,????? ??????? ?????? ?? ??????,?? ????? ??? ????? ??? ??????,??? ????? ??? ???? ????? ??????,,,,,
??????? ??? ????? ????? ???? .. ????? ??? ?? ???? ?? ????? ????? .. ??? ?? ????? ????? ????? ????? .. ??? ???? ???? ??? ??? ????? ????,??????? ??? ????? ????? ????,????? ??? ?? ???? ?? ????? ?????,??? ?? ????? ????? ????? ?????,??? ???? ???? ??? ??? ????? ????,,,,,
?????? ????? ???? ????? ???? .. ???? ?? ?????? ????? ????? ???? .. ????? ????? ?? ???? ?? ???? .. ?? ?????? ????? ????? ?? ????,?????? ????? ???? ????? ????,???? ?? ?????? ????? ????? ????,????? ????? ?? ???? ?? ????,?? ?????? ????? ????? ?? ????,,,,,
???? ?? ????? ????? ??????? ??? .. ??? ?????? ?? ??? ??????? ??? .. ???? ????? ??? ????? ???????? ????? .. ???????? ???? ????? ????? ???,???? ?? ????? ????? ??????? ???,??? ?????? ?? ??? ??????? ???,???? ????? ??? ????? ???????? ?????,???????? ???? ????? ????? ???,,,,,
?????? ??????? ????? ?????? ????? .. ????? ??? ???? ??? ???? ???? ??????? .. ???? ?? ???? ?? ???? ???? ?????? .. ????? ???? ?????? ???? ???????,?????? ??????? ????? ?????? ?????,????? ??? ???? ??? ???? ???? ???????,???? ?? ???? ?? ???? ???? ??????,????? ???? ?????? ???? ???????,,,,,
?? ???? ?????? ?? ???? ?? ???? .. ???? ???? ???? ?????? ?? ??????? .. ??? ????? ????????? ???? ???? .. ???? ??? ????? ?? ????? ????,?? ???? ?????? ?? ???? ?? ????,???? ???? ???? ?????? ?? ???????,??? ????? ????????? ???? ????,???? ??? ????? ?? ????? ????,,,,,
??? ????? ???? ???? ?????? ?????? .. ??????? ??? ??? ????? ???? ?????? .. ???? ??? ???? ??? ????? ?????? .. ??? ????? ???? ????? ????? ???????,??? ????? ???? ???? ?????? ??????,??????? ??? ??? ????? ???? ??????,???? ??? ???? ??? ????? ??????,??? ????? ???? ????? ????? ???????,,,,,
???? ?????? ????? ?? ???? .. ???? ???? ???? ???? ????? ???? .. ????? ??? ?? ????? ?????? ???? .. ???? ????? ???? ??? ????? ????,???? ?????? ????? ?? ????,???? ???? ???? ???? ????? ????,????? ??? ?? ????? ?????? ????,???? ????? ???? ??? ????? ????,,,,,
???? ???? ?????? ?? ?????? ????? .. ????? ?????? ?????? ?? ?????? ????? .. ??? ????? ??? ??????? ??????? .. ???????? ???? ?? ????? ?????,???? ???? ?????? ?? ?????? ?????,????? ?????? ?????? ?? ?????? ?????,??? ????? ??? ??????? ???????,???????? ???? ?? ????? ?????,,,,,
?????? ???? ???? ???? ?????? .. ??? ????? ?? ????? ?? ???? ????? .. ?????? ?? ????? ?? ??? ?? ????? .. ??? ???? ???? ?? ???? ????,?????? ???? ???? ???? ??????,??? ????? ?? ????? ?? ???? ?????,?????? ?? ????? ?? ??? ?? ?????,??? ???? ???? ?? ???? ????,,,,,
?????? ???? ??? ???? ?????? .. ?????? ??? ????? ???? ????? .. ????? ?????? ?????? ?? ?? ????? .. ?? ??? ?????? ???? ?? ??? ????,?????? ???? ??? ???? ??????,?????? ??? ????? ???? ?????,????? ?????? ?????? ?? ?? ?????,?? ??? ?????? ???? ?? ??? ????,,,,,
??????? ??? ????? .. ?? ????? ????? ????? .. ???? ??? ???? ????? .. ??? ???? ??? ?? ????,??????? ??? ?????,?? ????? ????? ?????,???? ??? ???? ?????,??? ???? ??? ?? ????,,,,,
???? ????? ??? ??? ?? ???? ????? .. ??? ????? ???? ????? ????? ??? ???? .. ??? ???? ??????? ???? ????? ???? .. ?? ????? ????? ?????? ????? ????,???? ????? ??? ??? ?? ???? ?????,??? ????? ???? ????? ????? ??? ????,??? ???? ??????? ???? ????? ????,?? ????? ????? ?????? ????? ????,,,,,
?? ???? ???? ?????? ????? ???? .. ???? ?????? ????? ??? ???? ???? .. ???? ?? ???? ???? ??? ???????? .. ????? ?? ??? ???? ???? ?? ????,?? ???? ???? ?????? ????? ????,???? ?????? ????? ??? ???? ????,???? ?? ???? ???? ??? ????????,????? ?? ??? ???? ???? ?? ????,,,,,
??? ?? ?????? ?? ???? ???? ???? .. ???? ?????? ??? ?? ???? ?? ????? .. ???? ?? ??? ???? ??? ????? .. ?????? ??????? ?? ???? ?????,??? ?? ?????? ?? ???? ???? ????,???? ?????? ??? ?? ???? ?? ?????,???? ?? ??? ???? ??? ?????,?????? ??????? ?? ???? ?????,,,,,
??? ????? ??? ?????? ???? ????? .. ???? ??????? ??? ???? ????? ?????? .. ??? ???? ??? ??? ?? ?????? ??????? .. ?? ???? ?????? ??? ????? ??????,??? ????? ??? ?????? ???? ?????,???? ??????? ??? ???? ????? ??????,??? ???? ??? ??? ?? ?????? ???????,?? ???? ?????? ??? ????? ??????,,,,,
????? ???????? ???? ?? ?????? .. ????? ??? ?? ?? ???? ?????? .. ???? ?? ????? ?? ??? ?? ?? ????? .. ??? ????? ???? ?????? ??????? ?????,????? ???????? ???? ?? ??????,????? ??? ?? ?? ???? ??????,???? ?? ????? ?? ??? ?? ?? ?????,??? ????? ???? ?????? ??????? ?????,,,,,
?????? ?????? ?????? ??? ?????? .. ??? ?? ???????? ????? ???? ?? ???? .. ???? ???????? ??? ?? ?? ??? ?? ????? .. ?? ???? ????? ???? ????? ?????,?????? ?????? ?????? ??? ??????,??? ?? ???????? ????? ???? ?? ????,???? ???????? ??? ?? ?? ??? ?? ?????,?? ???? ????? ???? ????? ?????,,,,,
????? ???????? ??????? ????? .. ?????? ??? ??? ?????? ?? ?????? .. ??? ???? ??? ??? ?? ????? ?????? .. ??? ????? ?? ????? ???????? ?????,????? ???????? ??????? ?????,?????? ??? ??? ?????? ?? ??????,??? ???? ??? ??? ?? ????? ??????,??? ????? ?? ????? ???????? ?????,,,,,
???? ???? ????? ?????? ??????? .. ???? ???? ?????? ?? ????? ????? .. ????? ?? ?????? ???? ???? ?? ????? .. ???? ???? ??? ?? ?????? ?? ?????,???? ???? ????? ?????? ???????,???? ???? ?????? ?? ????? ?????,????? ?? ?????? ???? ???? ?? ?????,???? ???? ??? ?? ?????? ?? ?????,,,,,
?? ???? ??? ?????? ????? ????? .. ???? ??? ?????? ?????? ??????? .. ?? ???? ?????? ?????? ???? ?????? .. ???? ???? ???? ??? ?? ????,?? ???? ??? ?????? ????? ?????,???? ??? ?????? ?????? ???????,?? ???? ?????? ?????? ???? ??????,???? ???? ???? ??? ?? ????,,,,,
????? ?????? ???? ?????? ???? .. ??????? ???? ???? ?????? ????? .. ?????? ???? ???? ????? ????? .. ???? ???? ?? ???? ????? ?????,????? ?????? ???? ?????? ????,??????? ???? ???? ?????? ?????,?????? ???? ???? ????? ?????,???? ???? ?? ???? ????? ?????,,,,,
??? ??? ???? ?? ??? ????? ????? .. ????? ?? ??? ??? ????? ?? ????? .. ??? ????? ???? ?????? ??????? .. ???? ???? ????? ?? ????? ?????,??? ??? ???? ?? ??? ????? ?????,????? ?? ??? ??? ????? ?? ?????,??? ????? ???? ?????? ???????,???? ???? ????? ?? ????? ?????,,,,,
?? ???? ???? ?? ???? ???? .. ?? ??? ?????? ??? ???????? .. ?? ???? ?? ??? ??? ???? ????? .. ????? ?? ????? ?????? ???? ?? ?????,?? ???? ???? ?? ???? ????,?? ??? ?????? ??? ????????,?? ???? ?? ??? ??? ???? ?????,????? ?? ????? ?????? ???? ?? ?????,,,,,
?????? ?? ?????? ?? ????? ?? .. ????? ?? ???? ????? ????? .. ??? ????? ????? ?????? ???? ???? .. ?????? ????? ??????? ????,?????? ?? ?????? ?? ????? ??,????? ?? ???? ????? ?????,??? ????? ????? ?????? ???? ????,?????? ????? ??????? ????,,,,,
??? ?? ???? ??? ?? ???? ??? ????? .. ??? ??? ??????? ????? ??????? .. ??? ??? ????? ????? ???????? .. ???? ???? ?? ????? ???? ????,??? ?? ???? ??? ?? ???? ??? ?????,??? ??? ??????? ????? ???????,??? ??? ????? ????? ????????,???? ???? ?? ????? ???? ????,,,,,
???? ?? ???? ???? ????? ???? .. ????? ?? ?????? ?? ???? ???????? .. ??? ?? ???? ???? ????? ??????? .. ??? ????? ??? ????? ?? ?????,???? ?? ???? ???? ????? ????,????? ?? ?????? ?? ???? ????????,??? ?? ???? ???? ????? ???????,??? ????? ??? ????? ?? ?????,,,,,
??? ???? ???? ?? ??? ???? ????? .. ??? ???? ??? ???? ???? ??? ???? .. ??? ??? ??? ???? ??????? ???? .. ??? ???? ?? ????? ??? ????,??? ???? ???? ?? ??? ???? ?????,??? ???? ??? ???? ???? ??? ????,??? ??? ??? ???? ??????? ????,??? ???? ?? ????? ??? ????,,,,,
???? ?? ??? ??? ??? ???? .. ???? ??????? ??????? ??????? .. ???? ??? ???? ??? ???? ??????? .. ?????? ?????? ??? ???? ??? ????,???? ?? ??? ??? ??? ????,???? ??????? ??????? ???????,???? ??? ???? ??? ???? ???????,?????? ?????? ??? ???? ??? ????,,,,,
???? ????? ??? ??? ????? ??????? .. ????? ????? ????? ????? ??? ?????? .. ????? ???????? ??????? ?????? .. ????? ??????? ?? ????? ???? ?? ????,???? ????? ??? ??? ????? ???????,????? ????? ????? ????? ??? ??????,????? ???????? ??????? ??????,????? ??????? ?? ????? ???? ?? ????,,,,,
???? ??? ??????? ????? ?????? .. ???? ???????? ????? ???? ?????? .. ?? ??? ?????? ???? ????? ???? .. ??????? ??????? ?????? ?????,???? ??? ??????? ????? ??????,???? ???????? ????? ???? ??????,?? ??? ?????? ???? ????? ????,??????? ??????? ?????? ?????,,,,,
???? ?????????? ?????? ?????? .. ???? ??? ???? ???????? ????? .. ??????? ?? ??? ???? ?? ????? .. ???? ????? ????? ?? ????? ?????,???? ?????????? ?????? ??????,???? ??? ???? ???????? ?????,??????? ?? ??? ???? ?? ?????,???? ????? ????? ?? ????? ?????,,,,,
??? ?????? ??????? ????? ????? .. ??? ???? ??????? ???? ????? .. ??? ???? ?? ??? ???? ????? ????? .. ??? ???? ????? ???? ?????? ?????,??? ?????? ??????? ????? ?????,??? ???? ??????? ???? ?????,??? ???? ?? ??? ???? ????? ?????,??? ???? ????? ???? ?????? ?????,,,,,
??? ???? ?????? ???? ????? ????? .. ??? ???? ??????? ???? ???? ??? .. ??? ?????? ??????? ????? ????? .. ????? ?????? ??????? ??? ?????,??? ???? ?????? ???? ????? ?????,??? ???? ??????? ???? ???? ???,??? ?????? ??????? ????? ?????,????? ?????? ??????? ??? ?????,,,,,
?? ???? ??? ???? ???? ????? .. ??? ????????? ????? ??? ????? .. ?????? ??????? ?? ????? ??????? .. ??? ???? ??? ???? ???? ?????,?? ???? ??? ???? ???? ?????,??? ????????? ????? ??? ?????,?????? ??????? ?? ????? ???????,??? ???? ??? ???? ???? ?????,,,,,
?? ???? ??? ?? ???? ?? ?? ??? .. ????? ??? ????? ??? ???? ???? .. ????? ?? ?????? ???? ?? ??? .. ??? ????? ?? ?? ?? ???? ??? ?????,?? ???? ??? ?? ???? ?? ?? ???,????? ??? ????? ??? ???? ????,????? ?? ?????? ???? ?? ???,??? ????? ?? ?? ?? ???? ??? ?????,,,,,
?? ??? ???? ??? ?? ???? ????? .. ???? ???? ?? ???? ??????? ???? .. ????? ?? ????? ?? ?? ?????? ????? .. ??? ????? ????? ??? ????? ??????,?? ??? ???? ??? ?? ???? ?????,???? ???? ?? ???? ??????? ????,????? ?? ????? ?? ?? ?????? ?????,??? ????? ????? ??? ????? ??????,,,,,
??????? ???? ?????? ??????? .. ????? ???? ?? ??? .. ??????? ????? ?????? ???? .. ???????? ????? ????? ??? ??????? ?? ???????,??????? ???? ?????? ???????,????? ???? ?? ???,??????? ????? ?????? ????,???????? ????? ????? ??? ??????? ?? ???????,,,,,
????? ?? ??? ???? ?????? ?? .. ??? ??? ???? ????? ????? ?? .. ????? ???? ???? ???? ???? ???? .. ??? ??? ?????? ???? ????????? ??????,????? ?? ??? ???? ?????? ??,??? ??? ???? ????? ????? ??,????? ???? ???? ???? ???? ????,??? ??? ?????? ???? ????????? ??????,,,,,
??? ???? ?????? ????? ?????? ???? .. ????? ???? ????? ???? ???? ?? .. ???? ?????? ???? ???? ????? ??? .. ???? ?? ?? ????? ????? ???,??? ???? ?????? ????? ?????? ????,????? ???? ????? ???? ???? ??,???? ?????? ???? ???? ????? ???,???? ?? ?? ????? ????? ???,,,,,
?????? ????? ???? ????? ???? ??? .. ????? ?? ????? ???? ?? ???? .. ?????? ???? ???? ???? ?? ???? .. ????? ??? ????? ?????? ?? ????,?????? ????? ???? ????? ???? ???,????? ?? ????? ???? ?? ????,?????? ???? ???? ???? ?? ????,????? ??? ????? ?????? ?? ????,,,,,
???? ????? ????? ???? ????? ?????? .. ???? ????? ??? ???? ??? ???? .. ??? ?????? ???????? ????? .. ??? ????? ??? ????? ??? ??????,???? ????? ????? ???? ????? ??????,???? ????? ??? ???? ??? ????,??? ?????? ???????? ?????,??? ????? ??? ????? ??? ??????,,,,,
???? ???? ???? ????? ????? ???? .. ?? ?? ??? ??? ??? ????? ???? .. ???? ?????? ?????? ?? ?? ??????? .. ??? ??? ??? ?? ????? ??? ???????,???? ???? ???? ????? ????? ????,?? ?? ??? ??? ??? ????? ????,???? ?????? ?????? ?? ?? ???????,??? ??? ??? ?? ????? ??? ???????,,,,,
?? ???? ??? ??? ??????? ?? ???? .. ?? ???? ??? ????? ?? ????? ???? .. ?? ???? ?????? ?????? ???? ?????? .. ????? ????? ?? ???? ??? ?? ?????,?? ???? ??? ??? ??????? ?? ????,?? ???? ??? ????? ?? ????? ????,?? ???? ?????? ?????? ???? ??????,????? ????? ?? ???? ??? ?? ?????,,,,,
???? ????? ?????? ?? ?????? .. ????? ?? ????? ???? ????? ???? .. ????? ?????? ???? ???? ?????? .. ????? ??????? ?????? ??? ??????,???? ????? ?????? ?? ??????,????? ?? ????? ???? ????? ????,????? ?????? ???? ???? ??????,????? ??????? ?????? ??? ??????,,,,,
??? ??? ?? ????? ???? ???? .. ?????? ?????? ???? ??? ????? .. ??? ???? ?? ???? ??? ???? .. ?? ?????? ????? ?????? ??? ????,??? ??? ?? ????? ???? ????,?????? ?????? ???? ??? ?????,??? ???? ?? ???? ??? ????,?? ?????? ????? ?????? ??? ????,,,,,
?????? ????? ???? ???? ????? .. ??? ?? ???? ???? ?????? ?? ???? .. ?? ????? ?????? ??????? ???? .. ??? ?? ???????? ?? ????? ????,?????? ????? ???? ???? ?????,??? ?? ???? ???? ?????? ?? ????,?? ????? ?????? ??????? ????,??? ?? ???????? ?? ????? ????,,,,,
?????? ??????? ???? ?? ???? ????? .. ??? ????? ???? ?? ??? ???? ????? .. ???? ???? ???? ????? ??? ???? .. ??? ??????? ???? ???? ???? ?????,?????? ??????? ???? ?? ???? ?????,??? ????? ???? ?? ??? ???? ?????,???? ???? ???? ????? ??? ????,??? ??????? ???? ???? ???? ?????,,,,,
???? ???? ?????? ?? ???? ?????? .. ???? ????? ????? ???? ?? ????? .. ?? ??? ?????? ?????? ???? ????? .. ???? ??????? ???? ???????,???? ???? ?????? ?? ???? ??????,???? ????? ????? ???? ?? ?????,?? ??? ?????? ?????? ???? ?????,???? ??????? ???? ???????,,,,,
??? ????? ????? ????? ?????? .. ?????? ?????? ?????? ?????? .. ????? ???? ????? ???????? ??? .. ?????? ???? ????? ??????? ?????,??? ????? ????? ????? ??????,?????? ?????? ?????? ??????,????? ???? ????? ???????? ???,?????? ???? ????? ??????? ?????,,,,,
????? ????? ????? ????? ????? .. ????? ?????? ?? ?????? ?? ???? .. ????? ????? ?????? ?? ?????? .. ?? ?? ????? ??????? ??? ?????,????? ????? ????? ????? ?????,????? ?????? ?? ?????? ?? ????,????? ????? ?????? ?? ??????,?? ?? ????? ??????? ??? ?????,,,,,
????? ???? ?????? ?? ?? ???? .. ????? ????? ????? ?? ???? .. ???? ??? ???? ???? ??? ??? .. ???? ???? ?? ??? ?? ?????? ????,????? ???? ?????? ?? ?? ????,????? ????? ????? ?? ????,???? ??? ???? ???? ??? ???,???? ???? ?? ??? ?? ?????? ????,,,,,
????? ??????? ???? ????? ???? .. ???? ?? ????? ??? ??????? .. ???? ???????? ?? ??????? ??????? .. ????? ??????? ?????? ??? ???????,????? ??????? ???? ????? ????,???? ?? ????? ??? ???????,???? ???????? ?? ??????? ???????,????? ??????? ?????? ??? ???????,,,,,
????? ????? ???? ?? ??? ????? .. ???? ??????? ??? ??????? .. ???? ????? ???? ?? ???? ????? .. ??? ???? ?? ???? ????? ???,????? ????? ???? ?? ??? ?????,???? ??????? ??? ???????,???? ????? ???? ?? ???? ?????,??? ???? ?? ???? ????? ???,,,,,
??? ??????? ???? ?????? ??????? .. ??????? ??? ??? ?????? ??????? .. ??? ????? ??? ??? ????? ?? ??? ????? .. ??? ???? ???? ???? ???? ???????,??? ??????? ???? ?????? ???????,??????? ??? ??? ?????? ???????,??? ????? ??? ??? ????? ?? ??? ?????,??? ???? ???? ???? ???? ???????,,,,,
??? ????? ??? ?????? ???? ???? .. ????? ?????? ????? ??? ??? ?? .. ??????? ??? ?????? ?? ??? ?? .. ??? ????? ???? ?? ?????? ????,??? ????? ??? ?????? ???? ????,????? ?????? ????? ??? ??? ??,??????? ??? ?????? ?? ??? ??,??? ????? ???? ?? ?????? ????,,,,,
??? ?????? ??? ??? ?????? ?????? .. ??? ?? ??? ??????? ?????? .. ??????? ???? ?????? ?? ?????? .. ?? ?? ?? ???? ??? ?????? ?? ????,??? ?????? ??? ??? ?????? ??????,??? ?? ??? ??????? ??????,??????? ???? ?????? ?? ??????,?? ?? ?? ???? ??? ?????? ?? ????,,,,,
?? ????? ???? ???? ??? ????? .. ?????? ??? ?? ?????? ??? ????? .. ??? ????? ?? ??? ????? ????? .. ???? ?? ??? ?? ???? ??? ??????,?? ????? ???? ???? ??? ?????,?????? ??? ?? ?????? ??? ?????,??? ????? ?? ??? ????? ?????,???? ?? ??? ?? ???? ??? ??????,,,,,
?? ????? ???? ???? ??? ????? .. ?????? ??? ?? ?????? ??? ????? .. ??? ????? ?? ??? ????? ????? .. ???? ?? ??? ?? ???? ??? ??????,?? ????? ???? ???? ??? ?????,?????? ??? ?? ?????? ??? ?????,??? ????? ?? ??? ????? ?????,???? ?? ??? ?? ???? ??? ??????,,,,,
???? ???? ???? ????? ????? .. ??????? ??? ?? ??? ??? ????? .. ??? ???? ?????? ?? ????? ??? ????? .. ?????? ?? ???? ?????? ???? ???,???? ???? ???? ????? ?????,??????? ??? ?? ??? ??? ?????,??? ???? ?????? ?? ????? ??? ?????,?????? ?? ???? ?????? ???? ???,,,,,
????? ?????? ?????? ???? ???? .. ??? ??? ?????? ??? ????? ????? .. ??? ??? ????? ???? ?? ???? ????? .. ??? ?????? ????? ???? ?? ????,????? ?????? ?????? ???? ????,??? ??? ?????? ??? ????? ?????,??? ??? ????? ???? ?? ???? ?????,??? ?????? ????? ???? ?? ????,,,,,
??????? ??? ???? ?????? ?????? .. ???? ????? ???? ????? ???? .. ????? ?????? ????? ????? ????? .. ????? ?????? ????? ???? ?? ????,??????? ??? ???? ?????? ??????,???? ????? ???? ????? ????,????? ?????? ????? ????? ?????,????? ?????? ????? ???? ?? ????,,,,,
????? ?????? ???? ?????? ???? .. ??????? ??? ???? ???? ?? ???? .. ?????? ????? ?? ??????? ???? .. ?????? ?????? ??? ?????? ?? ????,????? ?????? ???? ?????? ????,??????? ??? ???? ???? ?? ????,?????? ????? ?? ??????? ????,?????? ?????? ??? ?????? ?? ????,,,,,
????? ?????? ?? ???? ????? .. ??? ????? ?? ?? ?? ?????? .. ????? ????? ??? ?????? ??? ?????? .. ???? ??????? ???? ??????,????? ?????? ?? ???? ?????,??? ????? ?? ?? ?? ??????,????? ????? ??? ?????? ??? ??????,???? ??????? ???? ??????,,,,,
?? ?? ?????? ?? ??? ????? ????? .. ????? ???? ?? ???? ????? ????? .. ???? ??????? ??? ?? ???? ????? .. ?????? ???? ?????? ???? ?????,?? ?? ?????? ?? ??? ????? ?????,????? ???? ?? ???? ????? ?????,???? ??????? ??? ?? ???? ?????,?????? ???? ?????? ???? ?????,,,,,
?? ??? ????? ????? ????? ????? .. ?? ????? ?????? ??? ???? ?????? .. ??? ????? ??? ??? ?????? .. ????? ?????? ?? ?? ????? ?????,?? ??? ????? ????? ????? ?????,?? ????? ?????? ??? ???? ??????,??? ????? ??? ??? ??????,????? ?????? ?? ?? ????? ?????,,,,,
????? ????? ???? ????? ??????? .. ?? ???? ?????? ?? ???? ??????? .. ??? ??????? ??? ??????? ????? ????? ????? .. ???? ?????? ???? ??? ????,????? ????? ???? ????? ???????,?? ???? ?????? ?? ???? ???????,??? ??????? ??? ??????? ????? ????? ?????,???? ?????? ???? ??? ????,,,,,
??? ?????? ??? ???? ????? ????? .. ?????? ???? ???? ????? ????? .. ???????? ???? ????? ??? ????? .. ???? ??????? ????? ??? ?????,??? ?????? ??? ???? ????? ?????,?????? ???? ???? ????? ?????,???????? ???? ????? ??? ?????,???? ??????? ????? ??? ?????,,,,,
??????? ??? ????? ????? ???? .. ???? ??? ??? ?? ????? ???? ????? .. ???? ?? ???? ?????? ??? ?????? .. ??? ??????? ?????? ???? ?????,??????? ??? ????? ????? ????,???? ??? ??? ?? ????? ???? ?????,???? ?? ???? ?????? ??? ??????,??? ??????? ?????? ???? ?????,,,,,
??? ????? ???? ???? ???? ?????? .. ???? ?????? ????? ?????? ???? .. ??? ????? ??? ????? ??? ????? .. ?? ???? ???? ??? ????? ???,??? ????? ???? ???? ???? ??????,???? ?????? ????? ?????? ????,??? ????? ??? ????? ??? ?????,?? ???? ???? ??? ????? ???,,,,,
????? ???? ????? ??? ????? .. ???? ?????? ??????? ?????? .. ???? ?????? ?? ?? ?? ?????? .. ??? ???????? ???? ????? ?????,????? ???? ????? ??? ?????,???? ?????? ??????? ??????,???? ?????? ?? ?? ?? ??????,??? ???????? ???? ????? ?????,,,,,
?? ?????? ?? ??? ???? ?????? .. ???? ????? ??? ????? ????????? .. ??? ???????? ????? ?????? ?? ????? .. ????? ?? ????? ????? ?? ??????,?? ?????? ?? ??? ???? ??????,???? ????? ??? ????? ?????????,??? ???????? ????? ?????? ?? ?????,????? ?? ????? ????? ?? ??????,,,,,
?????? ?????? ?????? ?? ?????? .. ???? ?????? ?? ???? ????? ???? .. ???? ?? ???? ?? ?? ????? ????? .. ????? ????? ?? ????? ??????,?????? ?????? ?????? ?? ??????,???? ?????? ?? ???? ????? ????,???? ?? ???? ?? ?? ????? ?????,????? ????? ?? ????? ??????,,,,,
???? ????? ???? ?? ?????? ????? .. ?? ?????? ???? ????? ?????? .. ????? ???????? ??? ??????? ????? .. ??? ?? ???? ?? ??????? ????? ?????,???? ????? ???? ?? ?????? ?????,?? ?????? ???? ????? ??????,????? ???????? ??? ??????? ?????,??? ?? ???? ?? ??????? ????? ?????,,,,,
??? ?? ????? ???? ??????? .. ????? ?? ???? ??? ????? ???? .. ?????? ??? ?? ????? ???? .. ???? ??? ???? ? ????? ??????,??? ?? ????? ???? ???????,????? ?? ???? ??? ????? ????,?????? ??? ?? ????? ????,???? ??? ???? ? ????? ??????,,,,,
??? ??? ????? ????? ??????? .. ??? ???????? ?????? ??????? .. ?? ?????? ??? ?????? ? ??????? .. ??? ??????? ???????? ?????,??? ??? ????? ????? ???????,??? ???????? ?????? ???????,?? ?????? ??? ?????? ? ???????,??? ??????? ???????? ?????,,,,,
?????? ??????? ?? ??? ????? .. ??? ???? ??? ????? ?????? .. ???? ????? ?? ?? ???? ????? .. ??? ?????? ?? ???? ?????,?????? ??????? ?? ??? ?????,??? ???? ??? ????? ??????,???? ????? ?? ?? ???? ?????,??? ?????? ?? ???? ?????,,,,,
