Full_Verse,First_Sadr,First_Ajz,Second_Sadr,Second_Ajz,Fifth_Verse,اسم الشاعر,نوع النص(فخر/هجاء/غزل/وصف),تصنيف النص دوبيت ام لا,عدد الأبيات
متين يا حسين اشوف لوحك معلق ، لاحسين كتل لاحسين مغلق . لاحسين ركب للغي شايته غلق . قاعد للزكا ولقط المحملق,متين يا حسين اشوف لوحك معلق,لاحسين كتل لاحسين مغلق,لاحسين ركب للغي شايته غلق,قاعد للزكا ولقط المحملق,,شغبة,النصح,نعم,2
ياحسين انا امك وانت ماك ولدي .. بطنك كرشت غي البنات ناسي .. ودقنك حمست جلدك خرس مافي .. ولاك مضروب بحد السيف نكمد في .. ولاك مضروب بلسان الطير نفصد في,ياحسين انا امك وانت ماك ولدي,بطنك كرشت غي البنات ناسي,ودقنك حمست جلدك خرس مافي,ولاك مضروب بحد السيف نكمد في,ولاك مضروب بلسان الطير نفصد في,شغبة,النصح,نعم,3
نوح من دا الخراب .. وكمان نوح من دا الخراب .. عجب عيني بياكلن في الكلاب .. وود اقلس ميح من الركاب .. ودا كله خير من قولة جفلوا المرغاب,نوح من دا الخراب,وكمان نوح من دا الخراب,عجب عيني بياكلن في الكلاب,وود اقلس ميح من الركاب,ودا كله خير من قولة جفلوا المرغاب,شغبة,الرثاء,نعم,3
الليلة القلب شعن جروح جداد .. وهفن لي البجان عركسن بي هواد .. كميع البراطمه تحبكن بي سواد .. يا محافظ حواك من لحظة الحساد,الليلة القلب شعن جروح جداد,وهفن لي البجان عركسن بي هواد,كميع البراطمه تحبكن بي سواد,يا محافظ حواك من لحظة الحساد,,الطيب,وصف,نعم,2
شعرا ريش نعام والوجه سمح مصقول .. وعنقا صب قزاز صانعنو في اسطنبول .. اكتافا هدل والليد تقول مجدول .. قامت في القياس بين القصر والطول,شعرا ريش نعام والوجه سمح مصقول,وعنقا صب قزاز صانعنو في اسطنبول,اكتافا هدل والليد تقول مجدول,قامت في القياس بين القصر والطول,,عبدالله احمد ابوسن,غزل,نعم,2
الوطن العزيز علمه بيرفرف فوقه .. والغاصب طلع يبكي ويحن بي شوقه .. يا مالك الحلو من الحناضل ضوقه .. سودانا العظيم فتح الطريق لي سوقه,الوطن العزيز علمه بيرفرف فوقه,والغاصب طلع يبكي ويحن بي شوقه,يا مالك الحلو من الحناضل ضوقه,سودانا العظيم فتح الطريق لي سوقه,,حسن خلف الله,فخر,نعم,2
اتلملمت جهينة وطرطر ام هبود .. وحسبونا بنجدع بالحجر والعود .. استنوهم صباحات الكواهلة قعود .. عدوهم شموم زي النعام في الفود .. بسراع شبعوا اللين من المترود,اتلملمت جهينة وطرطر ام هبود,وحسبونا بنجدع بالحجر والعود,استنوهم صباحات الكواهلة قعود,عدوهم شموم زي النعام في الفود,بسراع شبعوا اللين من المترود,شغبة,وصف,نعم,3
اتلملمت جهبنة والسدارنه الزرق .. استنوهم صباحات الكواهلة الفرق .. عدوهم شموم زي النعام الطرق .. بسراع شبعوا اللين كراستن برق,اتلملمت جهبنة والسدارنه الزرق,استنوهم صباحات الكواهلة الفرق,عدوهم شموم زي النعام الطرق,بسراع شبعوا اللين كراستن برق,,شغبة,وصف,نعم,2
يا عتيت كبرنا وحالنا تب مازل .. وكل يوم في هوها مغيرين منزل .. وين ما طريت ال دماعو جا منهل .. حلق الريف بوج ناري وغميضك قل,يا عتيت كبرنا وحالنا تب مازل,وكل يوم في هوها مغيرين منزل,وين ما طريت ال دماعو جا منهل,حلق الريف بوج ناري وغميضك قل,,الحردلو,غزل,نعم,2
يا عتبت كبرنا وحالنا تب ما تروح .. وكل يوم في هواها مقبضك مطروح .. وين ما طريت ال دماعو جا مسروح .. حلق الريف بوج ناري وغميضك اروح,يا عتبت كبرنا وحالنا تب ما تروح,وكل يوم في هواها مقبضك مطروح,وين ما طريت ال دماعو جا مسروح,حلق الريف بوج ناري وغميضك اروح,,الحردلو,غزل,نعم,2
وحاة شيخ طرقك اللاقي لي برحه وإجازة .. أكنت بسلبه السدر الشرايط جازه .. أكان من الأشو ماقالوا عنده عرازه .. ما بشبهلو تعب أب دومة النزازه,وحاة شيخ طرقك اللاقي لي برحه وإجازة,أكنت بسلبه السدر الشرايط جازه,أكان من الأشو ماقالوا عنده عرازه,ما بشبهلو تعب أب دومة النزازه,,الطيب مصطفى,,نعم,2
يا بو الشيخ كلامك حالي فيه لزازه .. فوق صلتيتة اب هجبه العرض بالبازه .. فطيمة الرده بالقفر الملين مي عزازه .. أول لوحه من صاحب الشديد فزازه,يا بو الشيخ كلامك حالي فيه لزازه,فوق صلتيتة اب هجبه العرض بالبازه,فطيمة الرده بالقفر الملين مي عزازه,أول لوحه من صاحب الشديد فزازه,,الطيب مصطفى,وصف,نعم,2
أنا مالي ذكرتوني قلبي استازي .. من العنقة رومية وطرد حزازه .. مكلوف ناس علي التاته بدور له برازه .. هدي عنز الشريطات النبت قمازه,أنا مالي ذكرتوني قلبي استازي,من العنقة رومية وطرد حزازه,مكلوف ناس علي التاته بدور له برازه,هدي عنز الشريطات النبت قمازه,,الطيب مصطفى,,نعم,2
النوى لي بلادو يابس السيقان .. وحامت بالتبوب مربوعة الحيوان .. قالوا لي إن ملقنك شيطان .. قرفيط الجناح دايرك تعرفه كمان,النوى لي بلادو يابس السيقان,وحامت بالتبوب مربوعة الحيوان,قالوا لي إن ملقنك شيطان,قرفيط الجناح دايرك تعرفه كمان,,ود الصقيع,هجاء,نعم,2
النوى لي بلادو النعام في الطير .. وحامت بالتبوب وزينة الدوير .. إل لقني جان والجان ملك يا عوير .. وقرفيط الجناح داك الجراد يا عير,النوى لي بلادو النعام في الطير,وحامت بالتبوب وزينة الدوير,إل لقني جان والجان ملك يا عوير,وقرفيط الجناح داك الجراد يا عير,,عبدالله عبدالرحمن (كباسة الضرير),هجاء,نعم,2
إن سألوني بالذمة الصريح بحكاه .. حبك سلب الدوف والعضم حكاه .. البجنين بلا ليمك ضرر مشكاه .. فرقك يالرخيص أبكاني وأبكاه,إن سألوني بالذمة الصريح بحكاه,حبك سلب الدوف والعضم حكاه,البجنين بلا ليمك ضرر مشكاه,فرقك يالرخيص أبكاني وأبكاه,,أحمد أبو الصادق,غزل,نعم,2
ياعثمان اخوي الباديه طارت ليه .. كجنت الجمال وكرهت دروب الصيه .. داير اشوف بيوتا بالحجر مبنيه .. داير اشوف عيون الصيده في الآدمية,ياعثمان اخوي الباديه طارت ليه,كجنت الجمال وكرهت دروب الصيه,داير اشوف بيوتا بالحجر مبنيه,داير اشوف عيون الصيده في الآدمية,,رجل البادية,وصف,نعم,2
ياخوي اللمين أنا قلبي حن عليكا .. ياريت ماطريت اهل المداين ليكا .. فك رسن القعود قوماك علي واديكا .. في شجر الأراك ظبي الفريق راجيكا,ياخوي اللمين أنا قلبي حن عليكا,ياريت ماطريت اهل المداين ليكا,فك رسن القعود قوماك علي واديكا,في شجر الأراك ظبي الفريق راجيكا,,رجل المدينة,,نعم,2
يا عثمان اخوي إنت المدن شارقاكا .. إنت نشدت فيها وقلت فوقه غناكا .. هزيت المسامع بي جميل مغناكا .. أطريت البلابل اللي كانوا معاكا,يا عثمان اخوي  إنت المدن شارقاكا,إنت نشدت فيها وقلت فوقه غناكا,هزيت المسامع بي جميل مغناكا,أطريت البلابل اللي كانوا معاكا,,رجل البادية,,نعم,2
ياخوي اللمين مالو الدرب طال بينا .. ومالنا دهبنا اللي فينا ربينا .. داك نور المدينة ظهر جهر عينينا .. أنا داير أشوف نور البتول وسكينة,ياخوي اللمين مالو الدرب طال بينا,ومالنا دهبنا اللي فينا ربينا,داك نور المدينة ظهر جهر عينينا,أنا داير أشوف نور البتول وسكينة,,رجل المدينة,,نعم,2
كم كربته من الصبح للغيبة .. وكم شقيت فيافي وكم كتلت دبيبة .. أموال الرجال مهما تكن بنجيبه .. كربته يا جمل في ريرا لي حبيبة,كم كربته من الصبح للغيبة,وكم شقيت فيافي وكم كتلت دبيبة,أموال الرجال مهما تكن بنجيبه,كربته يا جمل في ريرا لي حبيبة,,طه الضرير,وصف,نعم,2
قال لي الجمل يا سيدي أرخي رسيني .. وانا عارف الطريق بالله ما توصيني .. لازم زين الحبيبة ليك بصل في حيني .. وان بطلت بكره السوق عصر وديني,قال لي الجمل يا سيدي أرخي رسيني,وانا عارف الطريق بالله ما توصيني,لازم زين الحبيبة ليك بصل في حيني,وان بطلت بكره السوق عصر وديني,,طه الضرير,وصف,نعم,2
أداها الإذن يوم الزيارة حليله .. جات بي خفية ليل تتنى قاصده عليلة .. جابت ليها كلمة ماه عارفة دليله .. قالت يالخزين كيف حالك انت الليلة,أداها الإذن يوم الزيارة حليله,جات بي خفية ليل تتنى قاصده عليلة,جابت ليها كلمة ماه عارفة دليله,قالت يالخزين كيف حالك انت الليلة,,عمر بن أبي ربيعة,غزل,نعم,2
قلت سيبي حالي البي وديل أسراري .. أربعة ظاهرات يكفوك عن إقراري .. فاطرك والشليخ الديمه لامع يراري .. خدم والعيون زاد منهن إضراري,قلت سيبي حالي البي وديل أسراري,أربعة ظاهرات يكفوك عن إقراري,فاطرك والشليخ الديمه لامع يراري,خدم والعيون زاد منهن إضراري,,عمر بن أبي ربيعة,غزل,نعم,2
لاكين يا ام خد بي نيتك انت جُزيت .. وبي رنعة ظهيرك زدت لي أزيتي .. كان ماك عارفة من جيهتك حرمت مزيتي .. ليه عند الضحك تتني قاصده أزيتي,لاكين يا ام خد بي نيتك انت جُزيت,وبي رنعة ظهيرك زدت لي أزيتي,كان ماك عارفة من جيهتك حرمت مزيتي,ليه عند الضحك تتني قاصده أزيتي,,عمر بن أبي ربيعة,غزل,نعم,2
قالت لي ياخوي عظمت لي جنيتي .. عاد ياخوي مابقصد أذاك بي نيتي .. لاكين الله تقل لي الصدر في بنيتي .. يرجح بالضمير واتنى من دون نيتي,قالت لي ياخوي عظمت لي جنيتي,عاد ياخوي مابقصد أذاك بي نيتي,لاكين الله تقل لي الصدر في بنيتي,يرجح بالضمير واتنى من دون نيتي,,عمر بن أبي ربيعة,غزل,نعم,2
ياعتيت كبرنا وحالنا تب مازل .. وكل يوم في هواها مغيرين منزل .. وين ما طريت ال دماعه جرى منهل .. حلق الريف بوج ناري وغميضك قل,ياعتيت كبرنا وحالنا تب مازل,وكل يوم في هواها مغيرين منزل,وين ما طريت ال دماعه جرى منهل,حلق الريف بوج ناري وغميضك قل,,,غزل,نعم,2
بريد الحادق المابجيب كلاما شاز .. بريد الفي طلق نار القمير والجاز .. بريد القامته مربوعه وبراطمه لزاز .. بريده وأصله عاجبني ودروبه عراز,بريد الحادق المابجيب كلاما شاز,بريد الفي طلق نار القمير والجاز,بريد القامته مربوعه وبراطمه لزاز,بريده وأصله عاجبني ودروبه عراز,,حمد علي الحلال الشكري,,نعم,2
براق العشا الغرباني دازني علايل .. وهفن لي بسيمات الظريف مو مايل .. البي زوقه فاق عبله ام جمالا هايل .. النقرابي والشف في ام فنايد خايل,براق العشا الغرباني دازني علايل,وهفن لي بسيمات الظريف مو مايل,البي زوقه فاق عبله ام جمالا هايل,النقرابي والشف في ام فنايد خايل,,عبدالله شوران,,,2
حميان الشمس أدا الترع قلاله .. جف الطين وقف بقت الأرض ملاله .. قام بيهن خبير الكان قبيل دلاله .. وقفن وقلن بس كاس البلاله,حميان الشمس أدا الترع قلاله,جف الطين وقف بقت الأرض ملاله,قام بيهن خبير الكان قبيل دلاله,وقفن وقلن بس كاس البلاله,,لايوجد,,نعم,2
ناس قدر الله قاعدين في البيوت ما بخو تره .. من كبي وكشف حال الحريم ما بفو تره .. أنا بختر براي أسد الرديم أنوتره .. صاحبي ان ضل ما بفشي به والله بسوتره,ناس قدر الله قاعدين في البيوت ما بخو تره,من كبي وكشف حال الحريم ما بفو تره,أنا بختر براي أسد الرديم أنوتره,صاحبي ان ضل ما بفشي به والله بسوتره,,الطيب ود ضحوية,,نعم,2
جنيبة الفارس الفوق النحاس فشار .. عملت جوفي خشبا في سدر منشار .. فرق الشوقها لديغ الفصوصها كبار .. خلي جنابي ماسك كل يوم مسدار,جنيبة الفارس الفوق النحاس فشار,عملت جوفي خشبا في سدر منشار,فرق الشوقها لديغ الفصوصها كبار,خلي جنابي ماسك كل يوم مسدار,,ودشورناني,غزل,مسدار,2
من بربر مرقنا على العديلا .. تبارك الخطوة يافارق النتيلا .. جيت غاشي اب تقر للمويا شيلا .. المبيت ام عطفه قاسي علي مقيلا,من بربر مرقنا على العديلا,تبارك الخطوة يافارق النتيلا,جيت غاشي اب تقر للمويا شيلا,المبيت ام عطفه قاسي علي مقيلا,,ابراهيم ود الفراش,,مسدار,2
رفاعة الرب قافاها البليب طربان .. ناطحة المنة ميزان قلبي مو خربان .. مشتول السواقي الباللدوب شربان .. بلوده بعيدة في بادية العربان,رفاعة الرب قافاها البليب طربان,ناطحة المنة ميزان قلبي مو خربان,مشتول السواقي الباللدوب شربان,بلوده بعيدة في بادية العربان,,احمد عبدالكريم ابوسن,,مسدار,2
غاب نجم النطح والحر علينا اشتد .. ضيفنا وقصر ليله ونهاره امتد .. نظره المنو للقانون بقيت اتحدى .. فتحت عندي منطقة الغنا اللي انسد,غاب نجم النطح والحر علينا اشتد,ضيفنا وقصر ليله ونهاره امتد,نظره المنو للقانون بقيت اتحدى,فتحت عندي منطقة الغنا اللي انسد,,ودشورناني,,مسدار,2
الليلة الفغر بادرني بي نسام .. حرك ساكنا ما بلقى منه منام .. بريب وادي غبته محدج الأسهام .. الريد في العقول إلا المحبة أقسام,الليلة الفغر بادرني بي نسام,حرك ساكنا ما بلقى منه منام,بريب وادي غبته محدج الأسهام,الريد في العقول إلا المحبة أقسام,,الطيب مصطفى,,مسدار,2
من آم عطفه قام بي النفيل .. يطبق في القرب الخبوة ديل .. قال لي العلوق ليشن قليل .. ضحايا بدري جيت في الباك مقيل,من آم عطفه قام بي النفيل,يطبق في القرب الخبوة ديل,قال لي العلوق ليشن قليل,ضحايا بدري جيت في الباك مقيل,,ابراهيم ود الفراش,وصف,مسدار,2
من الباك سقيته لكان يوبو .. يكربت بي سمح ماسك دريبو .. تقول مرناع يجدع في نديبو .. المبيت الباونيب في اللايميبو,من الباك سقيته لكان يوبو,يكربت بي سمح ماسك دريبو,تقول مرناع يجدع في نديبو,المبيت الباونيب في اللايميبو,,ابراهيم ود الفراش,وصف,مسدار,2
من اللايميب سمح وقيلو .. وجاته الحالة دوماتو يسيلو .. قال لي العلوق يا سيدي شيلو .. الوغد ماسك له في كوكريب مقيلو,من اللايميب سمح وقيلو,وجاته الحالة دوماتو يسيلو,قال لي العلوق يا سيدي شيلو,الوغد ماسك له في كوكريب مقيلو,,ابراهيم ود الفراش,وصف,مسدار,2
من الكوكريب العيش أباه .. يقمز بي فرحان بي غناه .. أبا داب الجبل حقبه وقفاه .. وفي هاريت ري زولا سقاه,من الكوكريب العيش أباه,يقمز بي فرحان بي غناه,أبا داب الجبل حقبه وقفاه,وفي هاريت ري زولا سقاه,,ابراهيم ود الفراش,وصف,مسدار,2
في هاريت حطيت فوقه حطه .. يقمز بي كمان ياخد له نطه .. جبل اودوس بدا وجيت فاطه بطه .. نزل توبلال هناك فوق المحطه,في هاريت حطيت فوقه حطه,يقمز بي كمان ياخد له نطه,جبل اودوس بدا وجيت فاطه بطه,نزل توبلال هناك فوق المحطه,,ابراهيم ود الفراش,وصف,مسدار,2
من توبلاك سلك خلى الفتاته .. وجاته الحاله سقرب بي تلاته .. بديت أسقيه انا وقاصد به شاطه .. عصر هندوب سواطن بدري باته,من توبلاك سلك خلى الفتاته,وجاته الحاله سقرب بي تلاته,بديت أسقيه انا وقاصد به شاطه,عصر هندوب سواطن بدري باته,,ابراهيم ود الفراش,وصف,مسدار,2
من هندوب غرب شفت الصرايا .. بشم نفسا زكي وريحة الجدايا .. بشوف عربا سلامن لي دبايا .. ترى البنيان أهل دنيا وعرايا,من هندوب غرب شفت الصرايا,بشم نفسا زكي وريحة الجدايا,بشوف عربا سلامن لي دبايا,ترى البنيان أهل دنيا وعرايا,,ابراهيم ود الفراش,وصف,مسدار,2
الزبنان دخل منا العصر بي نسيمه .. ذكرني البيضوي الظلمة بي تبسيمه .. يا مولاي علي النوم كتر تقسيمة .. هذا ماراد علي الله الأمر ترسيمة,الزبنان دخل منا العصر بي نسيمه,ذكرني البيضوي الظلمة بي تبسيمه,يا مولاي علي النوم كتر تقسيمة,هذا ماراد علي الله الأمر ترسيمة,,الطيب مصطفى,وصف,,2
الدبران دخل واصبح دليلي محير .. السما جاب له ضهرا به وهواه اتغير .. هفا لي السحي الفوق المدس بادير .. ربي شكيت عليك وآت سيد حياتي مخير,الدبران دخل واصبح دليلي محير,السما جاب له ضهرا به وهواه اتغير,هفا لي السحي الفوق المدس بادير,ربي شكيت عليك وآت سيد حياتي مخير,,الطيب مصطفى,وصف,نعم,2
الليلة السرف عرقه العوا بصيب .. عندك في السماك معشوق فليله بطيب .. ياريح الجنب ما شفتي لي حبيب .. رب هجرتني الهجر انكتب لي صعيب,الليلة السرف عرقه العوا بصيب,عندك في السماك معشوق فليله بطيب,ياريح الجنب ما شفتي لي حبيب,رب هجرتني الهجر انكتب لي صعيب,,الطيب مصطفى,وصف,نعم,2
خلاص يا صاحبي واعدد المنازل تمن .. عقب جرحاتي من برد النسايم همن .. طريت شتلات منى الفوق بالضريره انعمن .. الدالكات زمان القيح ملاهن دمن,خلاص يا صاحبي واعدد المنازل تمن,عقب جرحاتي من برد النسايم همن,طريت شتلات منى الفوق بالضريره انعمن,الدالكات زمان القيح ملاهن دمن,,الطيب مصطفى,وصف,نعم,2
الليله المطيرق فاقده والفرق مابيه .. باكية على اللي مات مهرة معنى العابيه .. قالت لي فلان ال ليها مافي مزابيه .. عندها سيطر المحرب رئيس الطابيه,الليله المطيرق فاقده والفرق مابيه,باكية على اللي مات مهرة معنى العابيه,قالت لي فلان ال ليها مافي مزابيه,عندها سيطر المحرب رئيس الطابيه,,احمد عوض الكريم ابوسن,وصف,نعم,2
من ساعة اللمين ما اداك لي هدية .. طريت مطرق أمير شعرانا في المهدية .. وكت ودعتك الأطباعها ماها ردية .. داير ليك عناين زي مغاني رضية,من ساعة اللمين ما اداك لي هدية,طريت مطرق أمير شعرانا في المهدية,وكت ودعتك الأطباعها ماها ردية,داير ليك عناين زي مغاني رضية,,الحردلو,وصف,نعم,2
خلف التاج فريد عصره وباروه وزايره .. واتخنتل متل زرع الدرا الفي جزايره .. نهدا داب وقام فتق عراوي زرايره .. قال للناس تراه الموت يجيهو الدايره,خلف التاج فريد عصره وباروه وزايره,واتخنتل متل زرع الدرا الفي جزايره,نهدا داب وقام فتق عراوي زرايره,قال للناس تراه الموت يجيهو الدايره,,يوسف عسب الله,وصف,نعم,2
ساقك شمعدان عرافه مو مطقن .. مشيك سنيد وحاة الله وعليه محقق .. سلاحك جوه في ريشات قلوبنا رشقق .. نويح الليل عليك صبح لساني مبقق,ساقك شمعدان عرافه مو مطقن,مشيك سنيد وحاة الله وعليه محقق,سلاحك جوه في ريشات قلوبنا رشقق,نويح الليل عليك صبح لساني مبقق,,الصادق,غزل,نعم,2
قلبي مفشل المدره ام سحابتن عاتمة .. ودوفي مبرمحة الدرعه ام سماحتن خاتمة .. فرت باسمه تحل الضماير الكاتمه .. واربشيها ضراب اب سنونا هاتمة,قلبي مفشل المدره ام سحابتن عاتمة,ودوفي مبرمحة الدرعه ام سماحتن خاتمة,فرت باسمه تحل الضماير الكاتمه,واربشيها ضراب اب سنونا هاتمة,,الصادق,غزل,نعم,2
البارح رأيت ناسا بعاد بالحيل .. ناس ثابتة ام وضيبا زي سبيب الخيل .. الدرعه أم وريدا زي جدي اب قمبيل .. خلت قلبي إلعب كل ساعة شليل,البارح رأيت ناسا بعاد بالحيل,ناس ثابتة ام وضيبا زي سبيب الخيل,الدرعه أم وريدا زي جدي اب قمبيل,خلت قلبي إلعب كل ساعة شليل,,الحردلو,غزل,نعم,2
الشافك قبيل ميت عليك بحساسه .. والهسع سمع طنيتو يقسى خلاصه .. الظرف المكمل والصبا ال بي قياسه .. من بين البنات فازت به خلت ناسه,الشافك قبيل ميت عليك بحساسه,والهسع سمع طنيتو يقسى خلاصه,الظرف المكمل والصبا ال بي قياسه,من بين البنات فازت به خلت ناسه,,الحردلو,غزل,نعم,2
ياحورية أنت نبيله .. في الكون ماليك زميله .. فايم فيك روحي عليله .. أنا مثلث قيس يا ليله,ياحورية أنت نبيله,في الكون ماليك زميله,فايم فيك روحي عليله,أنا مثلث قيس يا ليله,,,غزل,نعم,2
أقيم الليل على ساق لي طلوع الفجر .. وحن كحنين شفوق النوق دموعي انا تجري .. ايه ذنبي العملتو أوجب سبايب هجري .. يا جاهله ارحمي وطليني تكسبي أجري,أقيم الليل على ساق لي طلوع الفجر,وحن كحنين شفوق النوق دموعي انا تجري,ايه ذنبي العملتو أوجب سبايب هجري,يا جاهله ارحمي وطليني تكسبي أجري,,العبادي,غزل,نعم,2
لي زمنا طويل الصيدة أمارس فيها .. جفلت وأبعدت تعبان انا اللا فيها .. نارا في حشاي غيرك منو البطفيها .. ياروح اب حسن قوله سلام شن فيها,لي زمنا طويل الصيدة أمارس فيها,جفلت وأبعدت تعبان انا اللا فيها,نارا في حشاي غيرك منو البطفيها,ياروح اب حسن قوله سلام شن فيها,,العبادي,غزل,نعم,2
هبا لي النسيم من نومي تبيت صاحي .. حرمت الغميض انا من عشاي لي صباحي .. مالك يا رام تفتق علي جرامي .. طريتني المخسلة بت بكار مداحي,هبا لي النسيم من نومي تبيت صاحي,حرمت الغميض انا من عشاي لي صباحي,مالك يا رام تفتق علي جرامي,طريتني المخسلة بت بكار مداحي,,العبادي,غزل,نعم,2
بشد واركب على القادر ينسف دايره .. رمان الجنينة انا نيتي اجنبي بدايره .. يوم أبيض ألم أنا في الزويل الدايره .. من إيدي اليمين لعن شمالي أضايره,بشد واركب على القادر ينسف دايره,رمان الجنينة انا نيتي اجنبي بدايره,يوم أبيض ألم أنا في الزويل الدايره,من إيدي اليمين لعن شمالي أضايره,,العبادي,غزل,نعم,2
السبب الممنعني وظهر لي بخالته .. يتجزع يطن كل من قربت أخالته .. يطمح في القلب من أمه لي عن خالته .. على الريق بدري ساقيني المعلقم خالته,السبب الممنعني وظهر لي بخالته,يتجزع يطن كل من قربت أخالته,يطمح في القلب من أمه لي عن خالته,على الريق بدري ساقيني المعلقم خالته,,العبادي,غزل,نعم,2
الليلة الغرام رافعته عند القاضي .. قال لي والمحامي الكان معاك شن قاضي .. أولى الاختصار روح يا اب حسن لا تقاضي .. في جهنم رماني أصبح منقصن وقاضي,الليلة الغرام رافعته عند القاضي,قال لي والمحامي الكان معاك شن قاضي,أولى الاختصار روح يا اب حسن لا تقاضي,في جهنم رماني أصبح منقصن وقاضي,,العبادي,غزل,نعم,2
الناس الرقيقين والقريب غلدوا .. كدابين متل داك الزويل ما بيلدوا .. يوم ابيض ألم أنا في زويلي وقلدوا .. انت الصيد إل انباع بالدراهم جلدوا,الناس الرقيقين والقريب غلدوا,كدابين متل داك الزويل ما بيلدوا,يوم ابيض ألم أنا في زويلي وقلدوا,انت الصيد إل انباع بالدراهم جلدوا,,العبادي,غزل,نعم,2
شالت نومي بريبة العسين الغافية .. حالي يحنن الكافر اب كبدتن جافية .. حربته في القصار أحمد يقول لي شافية .. هيله العز حرس من الجدود مي لافية,شالت نومي بريبة العسين الغافية,حالي يحنن الكافر اب كبدتن جافية,حربته في القصار أحمد يقول لي شافية,هيله العز حرس من الجدود مي لافية,,العبادي,غزل,نعم,2
شن تشبه بلا الدخلن خديره وداشن .. سمعن نفر الصغير اسارقن واتماشن .. في بوسن العصير لابسات قماش يتفاشن .. جاتن بردت حيلن بعد ما هاشن,شن تشبه بلا الدخلن خديره وداشن,سمعن نفر الصغير اسارقن واتماشن,في بوسن العصير لابسات قماش يتفاشن,جاتن بردت حيلن بعد ما هاشن,,العبادي,غزل,نعم,2
وخرته امتثال صحبي المطلع كيفي .. أبراهيم ثبات عقلي ودرقتي وسيفي .. مطمورة غلاي مونة خريفي وصيفي .. سترة حالي في نساي وجناي وضيفي,وخرته امتثال صحبي المطلع كيفي,أبراهيم ثبات عقلي ودرقتي وسيفي,مطمورة غلاي مونة خريفي وصيفي,سترة حالي في نساي وجناي وضيفي,,ابراهيم ابي سن,المدح,نعم,2
مما قام صغير ما جاب كلمتن ضالعه .. واتبر سم ضحك وكت الحبش جت طالعه .. وكت الشوف بشوف القلوب متخالفه .. صدرك زحمة النار ام هبوبا قالعه,مما قام صغير ما جاب كلمتن ضالعه,واتبر سم ضحك وكت الحبش جت طالعه,وكت الشوف بشوف القلوب متخالفه,صدرك زحمة النار ام هبوبا قالعه,,محمد ود احمودة,المدح,نعم,2
إن أداك وكتر ما بقول أديت .. أب درق الموشح كله بالسوميت .. أب رسوة ال بكر حجر ورود سيتيت .. كاتال في الخلا وعقبان كريم في البيت,إن أداك وكتر ما بقول أديت,أب درق الموشح كله بالسوميت,أب رسوة ال بكر حجر ورود سيتيت,كاتال في الخلا وعقبان كريم في البيت,,الحردلو,المدح,نعم,2
ماداير لك الميته ام رمادا شح .. ياريت يا عشاي بدميك اتوشح .. وكت الخيل يقلبن والسيف يسوي التح .. والميت مسولب والعجاج يكتح,ماداير لك الميته ام رمادا شح,ياريت يا عشاي بدميك اتوشح,وكت الخيل يقلبن والسيف يسوي التح,والميت مسولب والعجاج يكتح,,بنونة بن الملك نمر,رثاء,نعم,2
نوح يا طرفي نوح يا صدري ضيق مادام .. مات رجل الفضيلة وقدوة الإسلام .. مات شخص الوفا والبر والأحلام .. فارق قومه لا مزموم ولاه ملام,نوح يا طرفي نوح يا صدري ضيق مادام,مات رجل الفضيلة وقدوة الإسلام,مات شخص الوفا والبر والأحلام,فارق قومه لا مزموم ولاه ملام,,محمد علي عبدالله,رثاء,نعم,2
جعفر يا صديق فقدك كساني سقام .. ونعيك في الأثير في صدري كالأنغام .. كيف ما انوم عليك وأرتل الأنغام .. وين أمسيت وين أصبحت يا ضرغام,جعفر يا صديق فقدك كساني سقام,ونعيك في الأثير في صدري كالأنغام,كيف ما انوم عليك وأرتل الأنغام,وين أمسيت وين أصبحت يا ضرغام,,محمد علي عبدالله,رثاء,نعم,2
كان مصلح كريم بل كان شجاع وهمام .. كان طاهر تقي وكان لينا خير إمام .. كان طيب قلب وكان للشريعة زمام .. عطر قبره يا مولاي ظله غمام,كان مصلح كريم بل كان شجاع وهمام,كان طاهر تقي وكان لينا خير إمام,كان طيب قلب وكان للشريعة زمام,عطر قبره يا مولاي ظله غمام,,محمد علي عبدالله,رثاء,نعم,2
مالك يا دهر لكل ساس هدام .. قاسي مابتلين أفقدتنا المقدام .. جعفر كان صفوح كان مرشد الأيتام .. والخلق الكريم كان خلقه ليه ختام,مالك يا دهر لكل ساس هدام,قاسي مابتلين أفقدتنا المقدام,جعفر كان صفوح كان مرشد الأيتام,والخلق الكريم كان خلقه ليه ختام,,محمد علي عبدالله,رثاء,نعم,2
احنا اولاد جعل أهل الملك بالأولى .. واحنا ملكنا معلوم خايله فيه الصوله .. واحنا الفارسنا بتختشيه الدوله .. واحنا الصاقعة كل الناس تقول لا حولا,احنا اولاد جعل أهل الملك بالأولى,واحنا ملكنا معلوم خايله فيه الصوله,واحنا الفارسنا بتختشيه الدوله,واحنا الصاقعة كل الناس تقول لا حولا,,حسن خلف الله,فخر,نعم,2
احنا اهل السواقي البكر واسوقه .. نهدي الصافنات للضيف ركوب ويسوقه .. إن ضرب النحاس إحنا بنشلع عوقه .. القيمان نلاقيها وألوفه نسوقه,احنا اهل السواقي البكر واسوقه,نهدي الصافنات للضيف ركوب ويسوقه,إن ضرب النحاس إحنا بنشلع عوقه,القيمان نلاقيها وألوفه نسوقه,,حسن خلف الله,فخر,نعم,2
احنا المابسمونا العريب وكلاته .. ونحن على ضهور الصافنات صلاته .. طبعناها من دار برقو لي فلاته .. احنا بندخل الألف ان بقينا ثلاثة,احنا المابسمونا العريب وكلاته,ونحن على ضهور الصافنات صلاته,طبعناها من دار برقو لي فلاته,احنا بندخل الألف ان بقينا ثلاثة,,حسن خلف الله,فخر,نعم,2
نحن الكافة السودان بهابو فسلنا .. نحن مؤرخ التاريخ مبهي نسلنا .. نحن الما في مين يقدر يساوي فعلنا .. إلا يكون شريفي عزيز وكاهلي متلنا,نحن الكافة السودان بهابو فسلنا,نحن مؤرخ التاريخ مبهي نسلنا,نحن الما في مين يقدر يساوي فعلنا,إلا يكون شريفي عزيز وكاهلي متلنا,,ود شوراني,فخر,نعم,2
نحن ابنا الزبير نبها وعزاز ورتوت .. نحن الفي المجالس لينا أكبر صوت .. نحن الفينا مجتمعات خصائل الفوت .. السخا والصبر والرجله يوم الموت,نحن ابنا الزبير نبها وعزاز ورتوت,نحن الفي المجالس لينا أكبر صوت,نحن الفينا مجتمعات خصائل الفوت,السخا والصبر والرجله يوم الموت,,ود شوراني,فخر,نعم,2
كم شويم لهن وقتا عدال أيامي .. شيخ الأتبراوي وماشي فيه كلامي .. بالغـب والبيان ما بطلها الغنامي .. ديك قسيت على ناسن كبار وسامي,كم شويم لهن وقتا عدال أيامي,شيخ الأتبراوي وماشي فيه كلامي,بالغـب والبيان ما بطلها الغنامي,ديك قسيت على ناسن كبار وسامي,,الحردلو,فخر,نعم,2
كم شويم لهن في كتره أو في قله .. ووقتا شيخ مشايخ فوق حويل بدله .. الزول ال فارقته قبيل يا خله .. كان نلقاه يا هو ال بشفي مني العله,كم شويم لهن في كتره أو في قله,ووقتا شيخ مشايخ فوق حويل بدله,الزول ال فارقته قبيل يا خله,كان نلقاه يا هو ال بشفي مني العله,,الحردلو,فخر,نعم,2
من غير عنية مدت لي إيدا يابسه .. وبقت نفسي لي صرار المقايس حابه .. خازوق لي سلامك يا ام كدوبتن عابسه .. توب العيب لقيتك منه شارطه ولابسه,من غير عنية مدت لي إيدا يابسه,وبقت نفسي لي صرار المقايس حابه,خازوق لي سلامك يا ام كدوبتن عابسه,توب العيب لقيتك منه شارطه ولابسه,,,هجاء,نعم,2
الكرتوت مشبح وهشكوا الرجاله .. جابهم زرده من كبد .. الزريبة عجاله دبيتهم موقف .. بالصقيعه علاله بتشوف قصة الكرتوت مع الغصاله,الكرتوت مشبح وهشكوا الرجاله,جابهم زرده من كبد,الزريبة عجاله دبيتهم موقف,بالصقيعه علاله بتشوف قصة الكرتوت مع الغصاله,,الصادق ود امنة,هجاء,نعم,2
التور ود هيس أصله الكتال مو .. همه لكن عيبه واحده كراعه ما .. بتلمه شوسن وشال فيهم صنبه يلبخ .. دمه سوا السامي الله وبالصقيعة انخموا,التور ود هيس أصله الكتال مو,همه لكن عيبه واحده كراعه ما,بتلمه شوسن وشال فيهم صنبه يلبخ,دمه سوا السامي الله وبالصقيعة انخموا,,الصادق ود امنة,هجاء,نعم,2
جاب سلبه الكتير وتحزم الجزار وكان .. قباله ضابح اولاد ابوه كتار مو .. عارف العجيل ولدا بجيب التار خلص .. دينك آت ما بتعرف الموت حار,جاب سلبه الكتير وتحزم الجزار وكان,قباله ضابح اولاد ابوه كتار مو,عارف العجيل ولدا بجيب التار خلص,دينك آت ما بتعرف الموت حار,,الصادق ود امنة,هجاء,نعم,2
مبسوطه الفضل سابق جماعة دوره عقد .. الجبه في سنونه ومرق من توره .. الصديق تراه ولدا سريع في فوره .. ودخير طفر الحوش الكبير بي حوره,مبسوطه الفضل سابق جماعة دوره عقد,الجبه في سنونه ومرق من توره,الصديق تراه ولدا سريع في فوره,ودخير طفر الحوش الكبير بي حوره,,الصادق ود امنة,هجاء,نعم,2
أخير الناس الفوق العد للغنم بتشاشي .. مالا الهمد ضوه وبنم فوق حاشي .. كعب للعدية وللضعيفة براشي .. كان الليد طلق بوريك جيب تركاشي,أخير الناس الفوق العد للغنم بتشاشي,مالا الهمد ضوه وبنم فوق حاشي,كعب للعدية وللضعيفة براشي,كان الليد طلق بوريك جيب تركاشي,,راعي الضأن,هجاء,نعم,2
همدة الضو تركه العرض كلاما مشين .. مو في حقي مما فمت هبابي قرين .. ركوب الحاشي بتفرطق له بي الليدين .. ماك لام فيه يا موارك مشي الكرعين,همدة الضو تركه العرض كلاما مشين,مو في حقي مما فمت هبابي قرين,ركوب الحاشي بتفرطق له بي الليدين,ماك لام فيه يا موارك مشي الكرعين,,راعي الإبل,هجاء,نعم,2
شن جاتك تنف مثل المكاري ال صنقل .. شن تشبه برا القرد ال حديده متقل .. في البو والكلا والزيف قعدت بتحنضر .. حققنا المسخ بي حاله فيك يا الوقل,شن جاتك تنف مثل المكاري ال صنقل,شن تشبه برا القرد ال حديده متقل,في البو والكلا والزيف قعدت بتحنضر,حققنا المسخ بي حاله فيك يا الوقل,,,هجاء,نعم,2
سموك مجيهة وبعيده من الجيهة .. خسارة ها اللسم أدوه واحده سفيه .. مرسال الهواد أمشي وإجي راجيهن .. عاجبه قرقديها الكابي فوق اضنيهن,سموك مجيهة وبعيده من الجيهة,خسارة ها اللسم أدوه واحده سفيه,مرسال الهواد أمشي وإجي راجيهن,عاجبه قرقديها الكابي فوق اضنيهن,,,هجاء,نعم,2
مما قمت يا مسيخه قاصر أدبك .. والذوق والظرف جربت كله وغلبك .. كان أدوك لي دلال روح جلبك .. ما بتجيبي قرشين والعجب كان سلبك,مما قمت يا مسيخه قاصر أدبك,والذوق والظرف جربت كله وغلبك,كان أدوك لي دلال روح جلبك,ما بتجيبي قرشين والعجب كان سلبك,,,هجاء,نعم,2
مسميتك أميرة ديسن وقلت مهالك .. أبت ما ترضى نفسك للبليق بي حالك .. يا بريبة النقعة ومعشوقا هالك .. ماك حق الأشاوات يا جنيبة مالك,مسميتك أميرة ديسن وقلت مهالك,أبت ما ترضى نفسك للبليق بي حالك,يا بريبة النقعة ومعشوقا هالك,ماك حق الأشاوات يا جنيبة مالك,,,هجاء,نعم,2
خريفنا الفوقنا أصبح بي كمال وجمال .. خلى الأرض عروس في تيه وزوق ودلال .. جالب سيله عالي وواطي غير سئال .. سقى الوديان صباح غربا صعيد وشمال,خريفنا الفوقنا أصبح بي كمال وجمال,خلى الأرض عروس في تيه وزوق ودلال,جالب سيله عالي وواطي غير سئال,سقى الوديان صباح غربا صعيد وشمال,,احمد عوض الكريم ابوسن,وصف,نعم,2
كرير رعده البسير زم واتر الوبال .. أكسى الأرض خضارا لونه سر البال .. بي لطف الكريم والاسم آخره الدال .. سبعن البهايم وفرح الأطفال,كرير رعده البسير زم واتر الوبال,أكسى الأرض خضارا لونه سر البال,بي لطف الكريم والاسم آخره الدال,سبعن البهايم وفرح الأطفال,,احمد عوض الكريم ابوسن,وصف,نعم,2
ناس الزرع جميعا جبدوا الجمال .. حاملين التورب ووفروا الغلال .. خلدوا عقيد عربهم بالبطاين شال .. دايرين صدفه العيش البسوتر الحال,ناس الزرع جميعا جبدوا الجمال,حاملين التورب ووفروا الغلال,خلدوا عقيد عربهم بالبطاين شال,دايرين صدفه العيش البسوتر الحال,,احمد عوض الكريم ابوسن,وصف,نعم,2
الأرض انسقت للحسن مرقنا ترانا .. ونسام الخريم من الصباح قد جانا .. الخير انهمر بالمرة قد والانا .. صب صب يامطر واروينا نحن برانا,الأرض انسقت للحسن مرقنا ترانا,ونسام الخريم من الصباح قد جانا,الخير انهمر بالمرة قد والانا,صب صب يامطر واروينا نحن برانا,,,وصف,نعم,2
أرضنا خرفت ومطرنا قط ما بوني .. وحالت زرعنا والله قد طمني .. جابر ادن خليك قريب كده مني .. حامد دوبي يا خوي في بناتنا وغني,أرضنا خرفت ومطرنا قط ما بوني,وحالت زرعنا والله قد طمني,جابر ادن خليك قريب كده مني,حامد دوبي يا خوي في بناتنا وغني,,,وصف,نعم,2
العوا والسماك غفرا نسيمه شمال .. والن بي شتاين غير الأحوال .. جملة الزراعين في البادية والحلال .. هامين بالحصاد دايرين صفا المكيال,العوا والسماك غفرا نسيمه شمال,والن بي شتاين غير الأحوال,جملة الزراعين في البادية والحلال,هامين بالحصاد دايرين صفا المكيال,,,وصف,نعم,2
الصيف انقسم ليله ال قصر ماطال .. أزعج بالرماد ولج الأمقال .. يلوي عصاره جايب حر سموم وعلال .. خسر آخره قش أمات حروبا جال,الصيف انقسم ليله ال قصر ماطال,أزعج بالرماد ولج الأمقال,يلوي عصاره جايب حر سموم وعلال,خسر آخره قش أمات حروبا جال,,,وصف,نعم,2
فيك يالوادي آيات الغرام متخالده .. والنسام يمر خلي الفروع متقالده .. شوف الصيد سرح ديك حامله أو ديك والده .. ديك نفرت وديك وقفت كمان متبالده,فيك يالوادي آيات الغرام متخالده,والنسام يمر خلي الفروع متقالده,شوف الصيد سرح ديك حامله أو ديك والده,ديك نفرت وديك وقفت كمان متبالده,,يوسف حسب الله,وصف,نعم,2
شوف الصيد سرح متباري ياكل ناله .. وانطر للبهيم باراه كيف حنا له .. الريحان فتق القمري قد غنى له .. شجر البان يميل مر النسيم ماله,شوف الصيد سرح متباري ياكل ناله,وانطر للبهيم باراه كيف حنا له,الريحان فتق القمري قد غنى له,شجر البان يميل مر النسيم ماله,,يوسف حسب الله,وصف,نعم,2
شوف أطيراه كيف بين الفروع فرحانه .. غنت في طرب وتبادلت ألحانه .. الغزلان تحوم مشغولة بي سرحانه .. كل شي في سرور متل التقول في حانه,شوف أطيراه كيف بين الفروع فرحانه,غنت في طرب وتبادلت ألحانه,الغزلان تحوم مشغولة بي سرحانه,كل شي في سرور متل التقول في حانه,,يوسف حسب الله,وصف,نعم,2
في النال بيتن تيسن نزل دراجن .. البراق شلع في الضلمة ضوا سراجن .. مطر العين صب قطع النغم هراجن .. باتن في وحل من طينه كيف اخراجن,في النال بيتن تيسن نزل دراجن,البراق شلع في الضلمة ضوا سراجن,مطر العين صب قطع النغم هراجن,باتن في وحل من طينه كيف اخراجن,,,وصف,نعم,2
الشم خوخت بردن ليالي الحره .. والبراق برق من منا جاب القره .. شوف عيني الصقير بي جناحه كفت الغره .. تلقاها ام خدود الليله مرقت بره,الشم خوخت بردن ليالي الحره,والبراق برق من منا جاب القره,شوف عيني الصقير بي جناحه كفت الغره,تلقاها ام خدود الليله مرقت بره,,,وصف,نعم,2
اطراب ياشباب الليله رفرف علمك .. غاب علم القبيل كتل جدودك وظلمك .. دير كاس الطرب اشفي به جرحك وألمك .. سطر للوراك تاريخ نزيه بي قلمك,اطراب ياشباب الليله رفرف علمك,غاب علم القبيل كتل جدودك وظلمك,دير كاس الطرب اشفي به جرحك وألمك,سطر للوراك تاريخ نزيه بي قلمك,,حسن خلف الله,وصف,نعم,2
السودان وقف شرقه وشماله وجنوبه .. ينظر للعلم يقول محرجر توبه .. معذور الدخيل حزنان وفاقد صوابه .. اطراب ياشباب واشرب لذيذ من كوبه,السودان وقف شرقه وشماله وجنوبه,ينظر للعلم يقول محرجر توبه,معذور الدخيل حزنان وفاقد صوابه,اطراب ياشباب واشرب لذيذ من كوبه,,حسن خلف الله,وصف,نعم,2
الوطن العزيز علمه بيرفرف فوقه .. والغاصب طلع يبكي ويحن بي شوفه .. يامالك الحلو مر الحناضل ضوقه .. سودانا العظيم فتح الطريق لي سوقه,الوطن العزيز علمه بيرفرف فوقه,والغاصب طلع يبكي ويحن بي شوفه,يامالك الحلو مر الحناضل ضوقه,سودانا العظيم فتح الطريق لي سوقه,,حسن خلف الله,وصف,نعم,2
ياقوم الخلاف هو الذي علانا .. فرق بيننا بل حط لي أعلانا .. بشاير الخير دنت واليوم صدر إعلانا .. لقاء السيديت باين لعلانا,ياقوم الخلاف هو الذي علانا,فرق بيننا بل حط لي أعلانا,بشاير الخير دنت واليوم صدر إعلانا,لقاء السيديت باين لعلانا,,محمد علي عبدالله,وصف,نعم,2
من مر الخلاف يا قوم شربنا كفانا .. وحدوا صفكم من داؤه كونوا شفانا .. لقاء السيدين توب من سرور لفانا .. ارفعوا كفكم مولانا ديمه صفانا,من مر الخلاف يا قوم شربنا كفانا,وحدوا صفكم من داؤه كونوا شفانا,لقاء السيدين توب من سرور لفانا,ارفعوا كفكم مولانا ديمه صفانا,,محمد علي عبدالله,وصف,نعم,2
ما اظن نختلف مادام إلهنا معانا .. في النوم والصحا فهو الذي يرعانا .. سلم حكمنا لمن همو أوعانا .. حررنا البلاد قط ما طلبنا إعانا,ما اظن نختلف مادام إلهنا معانا,في النوم والصحا فهو الذي يرعانا,سلم حكمنا لمن همو أوعانا,حررنا البلاد قط ما طلبنا إعانا,,محمد علي عبدالله,وصف,نعم,2
ياوفد الوطن ياذا الخطا المرضية .. يا صالح الجميع يا ساحق الفردية .. هاك أرواحنا هاك أموالنا واضمن حاجتك مقضية .. لابد الرسوم تدفع لكل قضية,ياوفد الوطن ياذا الخطا المرضية,يا صالح الجميع يا ساحق الفردية,هاك أرواحنا هاك أموالنا واضمن حاجتك مقضية,لابد الرسوم تدفع لكل قضية,,محمد علي عبدالله,وصف,نعم,2
هاك ياشعبي هاك اسمع نصيحه جليله .. لاتقبل تكون نفسك حقيرة ذليله .. بالحزبية تمرض وتبقى انت عليله .. تهوى التفرقه وتكون أعز خليله,هاك ياشعبي هاك اسمع نصيحه جليله,لاتقبل تكون نفسك حقيرة ذليله,بالحزبية تمرض وتبقى انت عليله,تهوى التفرقه وتكون أعز خليله,,محمد علي عبدالله,وصف,نعم,2
الحزبية قصة مميته مسموم سيله .. لعبت دور مهم في خطوره مافي مثيله .. احذر يا نبيل لاتكون بطل تمثيله .. غير الاتحاد للغاية مافي وسيلة,الحزبية قصة مميته مسموم سيله,لعبت دور مهم في خطوره مافي مثيله,احذر يا نبيل لاتكون بطل تمثيله,غير الاتحاد للغاية مافي وسيلة,,محمد علي عبدالله,وصف,نعم,2
هذا اليوم صحيح يومن سعيد بالذمة .. تيار السرور اجتاح بلادنا وعمه .. قوم ياصاح شوف الشعب كيف اتلمه .. لي صالح وطنه قدر فوايد جمه,هذا اليوم صحيح يومن سعيد بالذمة,تيار السرور اجتاح بلادنا وعمه,قوم ياصاح شوف الشعب كيف اتلمه,لي صالح وطنه قدر فوايد جمه,,محمد علي عبدالله,وصف,نعم,2
اتفقت جميع الأمه بعد خلافه .. وحدت الصفوف إتلاحمت أكتافه .. زودت البلاد من كل فن وثقافة .. أما الإقتصاد قطعت طريقه مسافه,اتفقت جميع الأمه بعد خلافه,وحدت الصفوف إتلاحمت أكتافه,زودت البلاد من كل فن وثقافة,أما الإقتصاد قطعت طريقه مسافه,,محمد علي عبدالله,وصف,نعم,2
آه ياشعبي كم فيك شباب ياليته .. يعرف واجبا على عاتقه ومسؤوليته .. داء الاختلاف والشي العظيم في بليته .. عرقله في حياته وفاني لي ماليته,آه ياشعبي كم فيك شباب ياليته,يعرف واجبا على عاتقه ومسؤوليته,داء الاختلاف والشي العظيم في بليته,عرقله في حياته وفاني لي ماليته,,,وصف,نعم,2
يعجبني الشباب الصافي في وطنيته .. يخدم للبلاد بي ولاء وخالص نيته .. إترك كل نفيس لا من يلاقي منيته .. وحياة الوطن هي منتهى أمنيته,يعجبني الشباب الصافي في وطنيته,يخدم للبلاد بي ولاء وخالص نيته,إترك كل نفيس لا من يلاقي منيته,وحياة الوطن هي منتهى أمنيته,,,وصف,نعم,2
أخير الشاب يكون من الردية خشيته .. بي تصريفه يرفع مستوى عقليته .. الحيا والمروءة كذا الفضيله حليته .. يات من مرآة في السودان يراها وليته,أخير الشاب يكون من الردية خشيته,بي تصريفه يرفع مستوى عقليته,الحيا والمروءة كذا الفضيله حليته,يات من مرآة في السودان يراها وليته,,,وصف,نعم,2
فكر في أمورك ودقق النظرات .. واحذر من عدوك مرة واخوك مرات .. الايام دول لا تأمنن مرات .. كتير خلت رؤوس ع الأرض منجرات,فكر في أمورك ودقق النظرات,واحذر من عدوك مرة واخوك مرات,الايام دول لا تأمنن مرات,كتير خلت رؤوس ع الأرض منجرات,,محمد علي عبدالله,نصح,نعم,2
قوم هذب حياتك وادخل الغارات .. وبر الأقربون واتفقد الجارات .. ما بيجزيك خير القعدة ع البارات .. مرة عواقبها وحوادثها جارات,قوم هذب حياتك وادخل الغارات,وبر الأقربون واتفقد الجارات,ما بيجزيك خير القعدة ع البارات,مرة عواقبها وحوادثها جارات,,محمد علي عبدالله,نصح,نعم,2
لاتأبى الحقايق لو جمر حارات .. ولا تخيب رجا أماتك الحرات .. أيام الصبا لي كل شبات غارات .. لكن بالأسف في آخرن ضارات,لاتأبى الحقايق لو جمر حارات,ولا تخيب رجا أماتك الحرات,أيام الصبا لي كل شبات غارات,لكن بالأسف في آخرن ضارات,,محمد علي عبدالله,نصح,نعم,2
الناس أتركه والقوة ولي زمانه .. مافي صديق حميم سرك أحفظه امانه .. في الظاهر معاك حين ما غفلنا رمانه .. إحذر من صديق الناس نست إيمانه,الناس أتركه والقوة ولي زمانه,مافي صديق حميم سرك أحفظه امانه,في الظاهر معاك حين ما غفلنا رمانه,إحذر من صديق الناس نست إيمانه,,محمد علي عبدالله,نصح,نعم,2
الزول الصديق بي اسمه ماهو صديقك .. لاكين الصديق من شاركك في ضيقك .. عن ساعة الصعاب تلقاه ديمه نديدك .. الناس تتوهم تقول أخوك شقيقك,الزول الصديق بي اسمه ماهو صديقك,لاكين الصديق من شاركك في ضيقك,عن ساعة الصعاب تلقاه ديمه نديدك,الناس تتوهم تقول أخوك شقيقك,,محمد علي عبدالله,نصح,نعم,2
ياتمر النخيل فيك ما بتتم أوصاني .. مافيش للحزن دوا غير عصيرك شافي .. انظر للكئوس مليانه خمرا صافي .. ما احلى الشراب قرب الصديق الوافي,ياتمر النخيل فيك ما بتتم أوصاني,مافيش للحزن دوا غير عصيرك شافي,انظر للكئوس مليانه خمرا صافي,ما احلى الشراب قرب الصديق الوافي,,محمد علي عبدالله,نصح,نعم,2
ياحاكم البلاد رحماك قليل اتفكر .. شوف الكون عموم ضل وصفاه تعكر .. ارهاب التجار في قلوبنا جلس اتحكر .. يوم بالبن ويوم بالشاي ويوم بالسكر,ياحاكم البلاد رحماك قليل اتفكر,شوف الكون عموم ضل وصفاه تعكر,ارهاب التجار في قلوبنا جلس اتحكر,يوم بالبن ويوم بالشاي ويوم بالسكر,,محمد علي عبدالله,نصح,نعم,2
ياحاكم البلاد ظاهر كلامي مفسر .. ظلم الأغنيا تفشى فينا وأثر .. يا ما كم رفيع مهضوم وخله مكسر .. ويا ما كم وضيع محظوظ وحظه ميسر,ياحاكم البلاد ظاهر كلامي مفسر,ظلم الأغنيا تفشى فينا وأثر,يا ما كم رفيع مهضوم وخله مكسر,ويا ما كم وضيع محظوظ وحظه ميسر,,محمد علي عبدالله,نصح,نعم,2
ياحاكم البلاد نرجوك لا تتكبر .. مر بالناس قريب أرخ الأضان واتخبر .. تجد الحاله سوء في سوء وما بتتغير .. داك مخنوق وداك مزرور وكيف نصبر,ياحاكم البلاد نرجوك لا تتكبر,مر بالناس قريب أرخ الأضان واتخبر,تجد الحاله سوء في سوء وما بتتغير,داك مخنوق وداك مزرور وكيف نصبر,,محمد علي عبدالله,نصح,نعم,2
في كل الفصول كون أول الكتاب .. جدد وابتكر إياك تكون سلاب .. كون فاهم صحيح كون للأمور قلاب .. إياك والتسرع للفشل جلاب,في كل الفصول كون أول الكتاب,جدد وابتكر إياك تكون سلاب,كون فاهم صحيح كون للأمور قلاب,إياك والتسرع للفشل جلاب,,محمد علي عبدالله,نصح,نعم,2
انظر للسما والأرض والأعشاب .. وانظر للجبال الراسية والأخشاب .. مجد خالقه وطيع والديك ياشاب .. مابيد الندم إن كان راسك شاب,انظر للسما والأرض والأعشاب,وانظر للجبال الراسية والأخشاب,مجد خالقه وطيع والديك ياشاب,مابيد الندم إن كان راسك شاب,,محمد علي عبدالله,نصح,نعم,2
نحن جدودكم كم كم من ضعاب جازوها .. نحن الحرمه يا زول بيننا نعزوها .. نحن رماحنا في كبد العدا نغزوها .. نحن ان غرنا اتنين جرده بنهزوها,نحن جدودكم كم كم من ضعاب جازوها,نحن الحرمه يا زول بيننا نعزوها,نحن رماحنا في كبد العدا نغزوها,نحن ان غرنا اتنين جرده بنهزوها,,ستتا بن كنونه,حماسة,نعم,2
ساس القول بشير الباني فوقه .. وجدك جرق العيقان يسوقه .. انت قلب الأرض السابلات عروقه .. قبل ما الزين يحوق والناس تضوقه,ساس القول بشير الباني فوقه,وجدك جرق العيقان يسوقه,انت قلب الأرض السابلات عروقه,قبل ما الزين يحوق والناس تضوقه,,ستتا بن كنونه,حماسة,نعم,2
أسد البوي نتر كضب البيدني له .. وشن شاف الحرب القول بشاشي له .. وود كمبال الفايت على جيله .. من جده وابوه سيف النصر هيله,أسد البوي نتر كضب البيدني له,وشن شاف الحرب القول بشاشي له,وود كمبال الفايت على جيله,من جده وابوه سيف النصر هيله,,ستتا بن كنونه,حماسة,نعم,2
الليلة العقيد في الحلة متمسكن .. وفي القلب للتراب شوفته متجكن .. الراي فارقه لا يشفي لا يمكن .. ما تتعجبن صنيم الرجال بمكن,الليلة العقيد في الحلة متمسكن,وفي القلب للتراب شوفته متجكن,الراي فارقه لا يشفي لا يمكن,ما تتعجبن صنيم الرجال بمكن,,مهيرة بنت عبود,حماسة,نعم,2
الليلة استعدوا وركبو خير الكر .. وقدامن عقيدن بالأغر دفر .. الليله الاسود الليله تتنتر .. ويا الباشا الغشيم قول لي جدادك كر,الليلة استعدوا وركبو خير الكر,وقدامن عقيدن بالأغر دفر,الليله الاسود الليله تتنتر,ويا الباشا الغشيم قول لي جدادك كر,,مهيرة بنت عبود,,نعم,2
حسان بي حديده الليله اتلثم .. الدابي الكمن في حجره شم الدم .. مأمون يا الملك ويا نقيع السم .. فرسانا البكيلوا العين يفرجوا الهم,حسان بي حديده الليله اتلثم,الدابي الكمن في حجره شم الدم,مأمون يا الملك ويا نقيع السم,فرسانا البكيلوا العين يفرجوا الهم,,مهيرة بنت عبود,حماسة,نعم,2
قبال يطلقوا له الصدى من الشباح .. جدع كرنكه أب دوف كبد المراح .. جدع المكازي إدريس من سرجه ماح .. الليله على الركابين قدر الله طاح,قبال يطلقوا له الصدى من الشباح,جدع كرنكه أب دوف كبد المراح,جدع المكازي إدريس من سرجه ماح,الليله على الركابين قدر الله طاح,,,حماسة,نعم,2
جاته الثقيله أم حيل وكت الصباح .. ألفين عجم وألفين عربا فصاح .. تشهد عنيبة الموز هي من القباح .. شافت قتال حسان ثور النطاح,جاته الثقيله أم حيل وكت الصباح,ألفين عجم وألفين عربا فصاح,تشهد عنيبة الموز هي من القباح,شافت قتال حسان ثور النطاح,,,حماسة,نعم,2
جاته الثقيله أم حيل في رفته .. والسم ال بحرق الناس بي نفته .. شايل عز الجوازيات في كفته .. وجبر الهناك قاعدين يتلفتوا,جاته الثقيله أم حيل في رفته,والسم ال بحرق الناس بي نفته,شايل عز الجوازيات في كفته,وجبر الهناك قاعدين يتلفتوا,,,حماسة,نعم,2
جاته الثقيله أم حيل ما لامته .. وفرتق دريس العوق اصامتوا .. جدع المكازي إدريس شق هامته .. وخلى الركابين يتجامتوا,جاته الثقيله أم حيل ما لامته,وفرتق دريس العوق اصامتوا,جدع المكازي إدريس شق هامته,وخلى الركابين يتجامتوا,,,حماسة,نعم,2
رانفي ال بسوق بقر التلي المتواكي .. عمران دار أبو وضو الفريق الباكي .. الحرب المتل صوت الجراد الراكي .. تورهم بداد ود أب علينا الزاكي,رانفي ال بسوق بقر التلي المتواكي,عمران دار أبو وضو الفريق الباكي,الحرب المتل صوت الجراد الراكي,تورهم بداد ود أب علينا الزاكي,,,حماسة,نعم,2
رانفي البسوق بقر التلي أبو سوجه .. وما بياخد القتال بالكضب بالحوجه .. إن وردن بيسبقهن وبشرب شراب في الموجه .. وإن سدرن بوالي شرهن بي روقه,رانفي البسوق بقر التلي أبو سوجه,وما بياخد القتال بالكضب بالحوجه,إن وردن بيسبقهن وبشرب شراب في الموجه,وإن سدرن بوالي شرهن بي روقه,,,حماسة,نعم,2
رانفي البسوق بقر التلي المتظايط .. عمران دار أبو وضو الفريق الهابط .. إن وردن يسبقهن ويشرب شرابا تابت .. وإن سدرن بتلقاه تحت العجاج الرابط,رانفي البسوق بقر التلي المتظايط,عمران دار أبو وضو الفريق الهابط,إن وردن يسبقهن ويشرب شرابا تابت,وإن سدرن بتلقاه تحت العجاج الرابط,,,حماسة,نعم,2
علي يا آل من جبال كيوه آن حونت .. ضربت نقارة أبوه وبي نصره رنت .. شاف دغس العيون وزينة أبله حنت .. جات حوبة الدغم والعيله فنت,علي يا آل من جبال كيوه آن حونت,ضربت نقارة أبوه وبي نصره رنت,شاف دغس العيون وزينة أبله حنت,جات حوبة الدغم والعيله فنت,,,حماسة,نعم,2
علي أب عوض الكريم في الضيق عطوك .. وعلي الفارس البسوق الخيل أبوك .. وعلي القطع السروال حموك .. علي السبل قناع فاطمة الهمبركه,علي أب عوض الكريم في الضيق عطوك,وعلي الفارس البسوق الخيل أبوك,وعلي القطع السروال حموك,علي السبل قناع فاطمة الهمبركه,,,حماسة,نعم,2
البلد ال أبوك عنده وجفوك نظاره .. ليه المتلنا بجدل ويحوم في دياره .. النلو حكاري في الفن مشيه حاكي عصاره .. منو البانينا غير المولى واسعه دياره,البلد ال أبوك عنده وجفوك نظاره,ليه المتلنا بجدل ويحوم في دياره,النلو حكاري في الفن مشيه حاكي عصاره,منو البانينا غير المولى واسعه دياره,,شاعر نهاض,وصف,نعم,2
اتملى البحير واطامنوا العجمان .. أنا في سدر الحويري كم جبتهن نقران .. ما بجيبوهن جنوتن بيرعو الضان .. إلا أولاد مهاجره وزادهم الدخان,اتملى البحير واطامنوا العجمان,أنا في سدر الحويري كم جبتهن نقران,ما بجيبوهن جنوتن بيرعو الضان,إلا أولاد مهاجره وزادهم الدخان,,شاعر نهاض,وصف,نعم,2
أمرار في الكدوس وامرار ألفو سجاير .. وامرار في لكيب وامرار مقيلي هجاير .. قبل عوج الوكيت أنا مدي كامل وجاير .. كم رابع جنين ماهم بلابصه فجاير,أمرار في الكدوس وامرار ألفو سجاير,وامرار في لكيب وامرار مقيلي هجاير,قبل عوج الوكيت أنا مدي كامل وجاير,كم رابع جنين ماهم بلابصه فجاير,,شاعر نهاض,وصف,نعم,2
أمرار في الكدوس وأمرار سجاره أعلب .. أمرار في الخلا وأمرار بهيمه أسلب .. كم رابع جنين فوق الدرق بتلب .. للياجيني راسي منه ماني مجلب,أمرار في الكدوس وأمرار سجاره أعلب,أمرار في الخلا وأمرار بهيمه أسلب,كم رابع جنين فوق الدرق بتلب,للياجيني راسي منه ماني مجلب,,شاعر نهاض,وصف,نعم,2
بعد أب جقره والهاري البياكل الصايمه .. حققناها يا خوي العبوس مادايمه .. حاكومة السواد منعت علينا السايمه .. كم لله هاجمين والخلايق نايمه,بعد أب جقره والهاري البياكل الصايمه,حققناها يا خوي العبوس مادايمه,حاكومة السواد منعت علينا السايمه,كم لله هاجمين والخلايق نايمه,,ود اللديغم,وصف,نعم,2
قطعنا اللتبراوي وبنادقنا عبيناين .. وكم إبلٍ سمان في صدورنا صاورناين .. المقصود يجن وأيامنا عديناين .. البِـنَّه بتردد يا فندي ما شفناين,قطعنا اللتبراوي وبنادقنا عبيناين,وكم إبلٍ سمان في صدورنا صاورناين,المقصود يجن وأيامنا عديناين,البِـنَّه بتردد يا فندي ما شفناين,,شاعر نهاض,وصف,نعم,2
من شندي استعدينا ومرقنا خلاص .. طر المريوده وادردق عليها أب راص .. كان بنتلاقى في فنقه وضرب رصاص .. ما بجيبونا ناس طرطور مع القصاص,من شندي استعدينا ومرقنا خلاص,طر المريوده وادردق عليها أب راص,كان بنتلاقى في فنقه وضرب رصاص,ما بجيبونا ناس طرطور مع القصاص,,شاعر نهاض,وصف,نعم,2
يومن في خلا ويومن مسوحنا الفتنة .. ويومن في شجر القضارف بتنا .. البينه بترد من خصمنا الباهتنا .. نتحزم على عروضنا ونقضي وقتنا,يومن في خلا ويومن مسوحنا الفتنة,ويومن في شجر القضارف بتنا,البينه بترد من خصمنا الباهتنا,نتحزم على عروضنا ونقضي وقتنا,,شاعر نهاض,وصف,نعم,2
الخبر السمعته الصديق مقفل جوه .. حالف ما بقيف دونه ان بقيت في هوه .. صقر الميتره الدايمن بيقلع قوة .. البِتِب عجلان على البقول يا مروه,الخبر السمعته الصديق مقفل جوه,حالف ما بقيف دونه ان بقيت في هوه,صقر الميتره الدايمن بيقلع قوة,البِتِب عجلان على البقول يا مروه,,,قصصي,نعم,2
الولد البكرب فوق قفا اب صنقور .. بقى مقبوض قبايل حاله مد مخبور .. اللوم مو سمح يا ام حاجبن مجرور .. نحن نبوبي والصديق هناك محجور,الولد البكرب فوق قفا اب صنقور,بقى مقبوض قبايل حاله مد مخبور,اللوم مو سمح يا ام حاجبن مجرور,نحن نبوبي والصديق هناك محجور,,,قصصي,نعم,2
أكل الخلفه وقبل على المنسية .. وهجم الحوري لي قتلة عريب ناس رية .. كان ما أسكت الببكن وخلف الكيه .. قولت أبو فاطمة يالصديق خسارة عليه,أكل الخلفه وقبل على المنسية,وهجم الحوري لي قتلة عريب ناس رية,كان ما أسكت الببكن وخلف الكيه,قولت أبو فاطمة يالصديق خسارة عليه,,ود ضحوية,قصصي,نعم,2
ناس قَدَرَ الله قاعدين في البيوت ما بخوترو .. من كبي وكشف حال الحريم ما بفوترو .. أخير أختر براي أسد الرديم أنوترو .. صاحبي إن ضل ما بفشي به ديمه بسوترو,ناس قَدَرَ الله قاعدين في البيوت ما بخوترو,من كبي وكشف حال الحريم ما بفوترو,أخير أختر براي أسد الرديم أنوترو,صاحبي إن ضل ما بفشي به ديمه بسوترو,,ود ضحوية,قصصي,نعم,2
واحدين شدوا الركاب وجدعوا النميم بي قفاهن .. واحدين في السجن شهر المروق ما جاهن .. أخوان ديفة النقعة السهاد والاهن .. دي بتتعدا عُقب اهل البكار واشقاهن,واحدين شدوا الركاب وجدعوا النميم بي قفاهن,واحدين في السجن شهر المروق ما جاهن,أخوان ديفة النقعة السهاد والاهن,دي بتتعدا عُقب اهل البكار واشقاهن,,,وصف,نعم,2
وكت الليل بَرَد ونجم الُكبار اتبنت .. حليت نمتي وقعد الجمل يصنف .. فويطراتك كشيب التربشوله وحنت .. مابلد النحل تاني الخوالدة ان جنت,وكت الليل بَرَد ونجم الُكبار اتبنت,حليت نمتي وقعد الجمل يصنف,فويطراتك كشيب التربشوله وحنت,مابلد النحل تاني الخوالدة ان جنت,,عبدالرحمن العبادي,شعر الإبل,نعم,2
كم كربته من الصبح للغيبه .. وكم شقيت فيافي وكم كتلت دبيبه .. أمول الرجال مهما تكون بنجيبه .. كربت يا جمل في ريرا لي حبيبه,كم كربته من الصبح للغيبه,وكم شقيت فيافي وكم كتلت دبيبه,أمول الرجال مهما تكون بنجيبه,كربت يا جمل في ريرا لي حبيبه,,ود حيدرب,غزل,نعم,2
قال لي الجمل يا سيدي أرخي رسيني .. وانا عارف الطريق بالله ما توصيني .. لام زين الحبيبه ليك بصل في حيني .. وان بطلت بكره السوق عصر وديني,قال لي الجمل يا سيدي أرخي رسيني,وانا عارف الطريق بالله ما توصيني,لام زين الحبيبه ليك بصل في حيني,وان بطلت بكره السوق عصر وديني,,ود حيدرب,غزل,نعم,2
خبيبك للدرب كبار ومواسه .. وإيديك يقطعوا الفرقه ويعرفوا قياسه .. أفورق ايديك الضلمة جاني دماسه .. يبقى الليله شتلة نامه برعت راسه,خبيبك للدرب كبار ومواسه,وإيديك يقطعوا الفرقه ويعرفوا قياسه,أفورق ايديك الضلمة جاني دماسه,يبقى الليله شتلة نامه برعت راسه,,ود حيدرب,وصف,نعم,2
رقد المقدر الكان بي جريدته اتبين .. كم لله بالتيه والعتامير هين .. زمنه العالي سرجه القارتيته معين .. المطمر ملان بعلوقه ما بنتدين,رقد المقدر الكان بي جريدته اتبين,كم لله بالتيه والعتامير هين,زمنه العالي سرجه القارتيته معين,المطمر ملان بعلوقه ما بنتدين,,ود شوراني,رثاء,نعم,2
انكسر العزيز ود المهوره القاصع .. أقنف ليه فطسه وسدره جاير وواسع .. منسول الشدايد الحوري جده التاسع .. جايبه تعبان وامه المي دشر لي ماصع,انكسر العزيز ود المهوره القاصع,أقنف ليه فطسه وسدره جاير وواسع,منسول الشدايد الحوري جده التاسع,جايبه تعبان وامه المي دشر لي ماصع,,ود شوراني,رثاء,نعم,2
سفرا بالردي الكرباجه فوقه بجود .. يا عبدالله ساقي عليه مو متعود .. البهجم به ست الريد فلانه مهود .. اندمدم رقد من غير الله بعوض,سفرا بالردي الكرباجه فوقه بجود,يا عبدالله ساقي عليه مو متعود,البهجم به ست الريد فلانه مهود,اندمدم رقد من غير الله بعوض,,ود شوراني,رثاء,نعم,2
ياست الجمال كل من رآك يخال .. قد شاهد ملاك والنور تعالى وخال .. الرباني سحرك في الشفاف ان خال .. سوالك قلوب الناس في خدك خال,ياست الجمال كل من رآك يخال,قد شاهد ملاك والنور تعالى وخال,الرباني سحرك في الشفاف ان خال,سوالك قلوب الناس في خدك خال,,سيد عبدالعزيز,غزل,نعم,2
حبك حافظه سر لي واشي ما اتقولت .. لا وحياة صفاك أبدا ولا حاولت .. مهما قالوا ليك ومهما براك أولت .. لاتظن يا حبيب عن حبك اتحولت,حبك حافظه سر لي واشي ما اتقولت,لا وحياة صفاك أبدا ولا حاولت,مهما قالوا ليك ومهما براك أولت,لاتظن يا حبيب عن حبك اتحولت,,محمد علي عبدالله,غزل,نعم,2
آه انا في صدودك ومن غرامي ذهلت .. جاهل البي صحيح أم انت اجاهلت .. بحبك حب شريف لكني اطاولت .. لي قمر السما وفي دا العذاب طولت .. في روضة محاسنك تهت واتجولت .. عجزت عن الوصف احترت واتهولت,آه انا في صدودك ومن غرامي ذهلت,جاهل البي صحيح أم انت اجاهلت,بحبك حب شريف لكني اطاولت,لي قمر السما وفي دا العذاب طولت,,محمد علي عبدالله,غزل,نعم,2
أرواحنا حوله تدور غير شوفته ما بندور .. قمر الزمان والدور ياما شرح لي صدور .. قاسي وحليم ونفور صبح عواطفي تفور .. حايز كمال موفور من مصر لي دارفور,أرواحنا حوله تدور غير شوفته ما بندور,قمر الزمان والدور ياما شرح لي صدور,قاسي وحليم ونفور صبح عواطفي تفور,حايز كمال موفور من مصر لي دارفور,,محمد علي عبدالله,غزل,نعم,2
أول مرة فيها نقول شاهدنا محفل .. عادي وبادي راقي وبالأزهار محفل .. لا إنسان مشاغب لا إنسان تطفل .. لا عازل يراقب لاحاسد مغفل,أول مرة فيها نقول شاهدنا محفل,عادي وبادي راقي وبالأزهار محفل,لا إنسان مشاغب لا إنسان تطفل,لا عازل يراقب لاحاسد مغفل,,عبيد عبدالرحمن,,نعم,2
حن الدنيا كله كان في القول ممثل .. شفنا البدر ينزل بين الناس تمثل .. شفنا النور تشاعل في الخد المأسل .. وكل ما تفوتنا ثانيه يجينا ملاك مرسل,حن الدنيا كله كان في القول ممثل,شفنا البدر ينزل بين الناس تمثل,شفنا النور تشاعل في الخد المأسل,وكل ما تفوتنا ثانيه يجينا ملاك مرسل,,عبيد عبدالرحمن,,نعم,2
برقك قلع الساريه أم سحابا صاح .. وتعالك كتم من الهوى اللحاح .. رعدك رز في المطر التقيلة وقاح .. وباردك لاقى شمش الغيبه باكرزاح,برقك قلع الساريه أم سحابا صاح,وتعالك كتم من الهوى اللحاح,رعدك رز في المطر التقيلة وقاح,وباردك لاقى شمش الغيبه باكرزاح,,ود الشلهمة,وصف,نعم,2
أسمحت من صيفة خلا وقهبونة .. وانفشت سحابتك فوقك المشحونة .. أصبحت المواطي والضهوة مطيونة .. واتكسيت بي تيابا منوع لونه,أسمحت من صيفة خلا وقهبونة,وانفشت سحابتك فوقك المشحونة,أصبحت المواطي والضهوة مطيونة,واتكسيت بي تيابا منوع لونه,,ود الشلهمة,وصف,نعم,2
فيك لون الصفارى كالبرص مجلية .. اللباب حمرتو تقول عيون قمرية .. التبر انغرش عرقو وفرش شمشية .. يضرب في شعاع شمش الصباح النية,فيك لون الصفارى كالبرص مجلية,اللباب حمرتو تقول عيون قمرية,التبر انغرش عرقو وفرش شمشية,يضرب في شعاع شمش الصباح النية,,ود الشلهمة,وصف,نعم,2
اسمحت من صيفة وسموما قالية .. واتلاقت سواريك بالصبيب متوالية .. فكيت الدعا شات والنسائم الحالية .. عربك ختت لب نبل والضهور العالية,اسمحت من صيفة وسموما قالية,واتلاقت سواريك بالصبيب متوالية,فكيت الدعا شات والنسائم الحالية,عربك ختت لب نبل والضهور العالية,,ود الشلهمة,وصف,نعم,2
اتكسيت بي لونا لبست جديد .. وتصبح كل يوم نايره وحلاته تزيد .. تعالك نزل ساوى الضهوة والليد .. واجادع فريقك في نزلتو بعيد,اتكسيت بي لونا لبست جديد,وتصبح كل يوم نايره وحلاته تزيد,تعالك نزل ساوى الضهوة والليد,واجادع فريقك في نزلتو بعيد,,ود الشلهمة,وصف,نعم,2
نار وجهك خلاص وأصبح عريسك باش .. وسيلك لي علاويك وبالمراتع كاش .. نفسك من سموم تحلى جابلو دعاش .. وعربك لي جفافن جبدو البراش,نار وجهك خلاص وأصبح عريسك باش,وسيلك لي علاويك وبالمراتع كاش,نفسك من سموم تحلى جابلو دعاش,وعربك لي جفافن جبدو البراش,,ود الشلهمة,وصف,نعم,2
يانومي اللبيت للعين تعود وتميل .. عسفك مني مرناعا ظريف وجميل .. قامتو ربيعه خدو أسيل وطرفو كحيل .. يموج متاكي من أردافو يمشي وحيل,يانومي اللبيت للعين تعود وتميل,عسفك مني مرناعا ظريف وجميل,قامتو ربيعه خدو أسيل وطرفو كحيل,يموج متاكي من أردافو يمشي وحيل,,احمد ود عوض الكريم,وصف,نعم,2
عرضو وفرضو لامن أفنى مافكالن .. مواعين الكرم تمتم عبارن وكالن .. خلواتو المتل صوت الجراد عكالن .. بكفيهن صوانيا بداع اشكالن,عرضو وفرضو لامن أفنى مافكالن,مواعين الكرم تمتم عبارن وكالن,خلواتو المتل صوت الجراد عكالن,بكفيهن صوانيا بداع اشكالن,,,غزل,نعم,2
رفاق الضيف أنى حل هبوا .. لهم للضيف ضم والتزام .. اذا نحروا العشار مودعات .. فلا من بذاك ولا كلام,رفاق الضيف أنى حل هبوا,لهم للضيف ضم والتزام,اذا نحروا العشار مودعات,فلا من بذاك ولا كلام,,عبدالله محمد عمر البنا,فخر,نعم,2
سمحت ومن شنات الصيفه لونه اندس .. وجبالك لبس من الخضار واتكسى .. يالمردا التليني مع الجمال في الرس .. فوقك زرقن الرزمي السحابو اتمسى,سمحت ومن شنات الصيفه لونه اندس,وجبالك لبس من الخضار واتكسى,يالمردا التليني مع الجمال في الرس,فوقك زرقن الرزمي السحابو اتمسى,,,وصف,نعم,2
يالمردا الردم فيخك سحاب الطرفة .. جديع النميم بجي فوق عفاك غير كلفه .. مريه وفيك بطبق العمار الخلفه .. مطروحه وجناحك كوعو وطن حلفه,يالمردا الردم فيخك سحاب الطرفة,جديع النميم بجي فوق عفاك غير كلفه,مريه وفيك بطبق العمار الخلفه,مطروحه وجناحك كوعو وطن حلفه,,,وصف,نعم,2
ياحليلك قبيل وكتن نداك بي زيقو .. وزن الديش نزل كبد اللبالى فريقو .. ضراك ديش حلفا الله يعيقو .. سوالك فعالن نفسي ما بطيقو,ياحليلك قبيل وكتن نداك بي زيقو,وزن الديش نزل كبد اللبالى فريقو,ضراك ديش حلفا الله يعيقو,سوالك فعالن نفسي ما بطيقو,,الصادق اب امنة,وصف,نعم,2
الموت يا أم هبج صقاروا تابع خيلك .. الا كريمه ما بجوعيه دخيلك .. رب العزة بي وابل المطر ساخيلك .. السحا والمفيريط والصفارى نخيلك,الموت يا أم هبج صقاروا تابع خيلك,الا كريمه ما بجوعيه دخيلك,رب العزة بي وابل المطر ساخيلك,السحا والمفيريط والصفارى نخيلك,,ود نائل,فخر,نعم,2
اتخلفلها البطحاني والعبادي .. وتفضنو المتل جبب أم صريمه يدادي .. نحن ترانا للشابوره ديمة نحادي .. عنز الشاي مراقبه من غرامة القاضي,اتخلفلها البطحاني والعبادي,وتفضنو المتل جبب أم صريمه يدادي,نحن ترانا للشابوره ديمة نحادي,عنز الشاي مراقبه من غرامة القاضي,,الصادق اب امنة,وصف,نعم,2
الضحوى الرزم جاب الدليج من غادي .. فايضا غرق العقده ومطيمر الهادي .. أسقى البحرى من ليلو وبنات الوادي .. يمشي كسيده لاعند العلو المسادي,الضحوى الرزم جاب الدليج من غادي,فايضا غرق العقده ومطيمر الهادي,أسقى البحرى من ليلو وبنات الوادي,يمشي كسيده لاعند العلو المسادي,,الصادق اب امنة,وصف,نعم,2
الصيف دخل ليلو القصير والانا .. بي مد النهار طول الهجير قلانا .. فك سمومو وحت الزهره من اغصانا .. وفي اخرو البايب حسرت مرعانا,الصيف دخل ليلو القصير والانا,بي مد النهار طول الهجير قلانا,فك سمومو وحت الزهره من اغصانا,وفي اخرو البايب حسرت مرعانا,,,,نعم,2
الليله الرشاش ود الخريف طلانا .. بي ام بشار نسج زين ماقدر بلانا .. رجع لي ابوه قاليه الأرض عطشانا .. الناس قالوا قبال الفوات فانا,الليله الرشاش ود الخريف طلانا,بي ام بشار نسج زين ماقدر بلانا,رجع لي ابوه قاليه الأرض عطشانا,الناس قالوا قبال الفوات فانا,,,وصف,نعم,2
بعد أيام قراب جات أم رويق طالانا .. عين البرق تفتح آن تغمض آنا .. تكالم فينا ما عرفناه عجمي لسانا .. لي طلوع الوكت قت ما انقطع طنانا,بعد أيام قراب جات أم رويق طالانا,عين البرق تفتح آن تغمض آنا,تكالم فينا ما عرفناه عجمي لسانا,لي طلوع الوكت قت ما انقطع طنانا,,,وصف,نعم,2
أصبحنا الصباح شفنا الأرض رويانا .. الماء يجري من عاليها لي وديانا .. جميع الفيها كان الوحش كان انسانا .. بحمد ربو حمدا لا عدد شكرانا,أصبحنا الصباح شفنا الأرض رويانا,الماء يجري من عاليها لي وديانا,جميع الفيها كان الوحش كان انسانا,بحمد ربو حمدا لا عدد شكرانا,,,وصف,نعم,2
أرضنا لبست التوب الخضارى متانا .. عشت واشبعت في الآخرى الحنانا .. واحدين حضروا السلوقه بي كريانا .. واحدين هدموا واندرجوا نشقوا بطانا,أرضنا لبست التوب الخضارى متانا,عشت واشبعت في الآخرى الحنانا,واحدين حضروا السلوقه بي كريانا,واحدين هدموا واندرجوا نشقوا بطانا,,,وصف,نعم,2
بت اب طيرة شبعت في العوج والذل .. وبقيت حاله أشبه بي مريض السل .. أرجوك يا محمد يا شفيع الكل .. تدها فوق صناقير المقيد ضل,بت اب طيرة شبعت في العوج والذل,وبقيت حاله أشبه بي مريض السل,أرجوك يا محمد يا شفيع الكل,تدها فوق صناقير المقيد ضل,,ابراهيم سليمان,وصف,نعم,2
وقع مطر البطين وللمسادير خسر .. سيد أم زور على راعي النعاج اتنصر .. أمات البهيج بعد النجم ما عصر .. ماجابولن العيش للعليقة وقصر,وقع مطر البطين وللمسادير خسر,سيد أم زور على راعي النعاج اتنصر,أمات البهيج بعد النجم ما عصر,ماجابولن العيش للعليقة وقصر,,ابراهيم سليمان,وصف,نعم,2
الضان أكل بعضو وتل رقاع .. والبقر التعيس ودوه للجزر ما نباع .. ود أم زور وكت يلقى عقيدو مونجاع .. تلقى أماتو قبل الجزيره رتاع,الضان أكل بعضو وتل رقاع,والبقر التعيس ودوه للجزر ما نباع,ود أم زور وكت يلقى عقيدو مونجاع,تلقى أماتو قبل الجزيره رتاع,,نصر الدين احمد,وصف,نعم,2
الليام بشوف أهل الغنم مهمومه .. وكل مره على الدكان يقيفن زومه .. المحل المطربحه والوطى المهدومه .. بطربحها ام زور للقلوع في يومه,الليام بشوف أهل الغنم مهمومه,وكل مره على الدكان يقيفن زومه,المحل المطربحه والوطى المهدومه,بطربحها ام زور للقلوع في يومه,,نصر الدين احمد,وصف,نعم,2
طالت وامغت فنقيله أبى ما يضيف .. والنجامه حالونا الضراع للصيف .. انجلت البسافروب العبابده الريف .. غنوم الدراهم يعملولن كيف,طالت وامغت فنقيله أبى ما يضيف,والنجامه حالونا الضراع للصيف,انجلت البسافروب العبابده الريف,غنوم الدراهم يعملولن كيف,,ابراهيم سليمان,وصف,نعم,2
لحاح الغرب ساق للمنازل خيس .. وقلبك من رحمة السيد نعل ما أيس .. الضيق من هلاله والصحابه مسيس .. قالوا بعقبو خيرا فيضوا ما بتقيس,لحاح الغرب ساق للمنازل خيس,وقلبك من رحمة السيد نعل ما أيس,الضيق من هلاله والصحابه مسيس,قالوا بعقبو خيرا فيضوا ما بتقيس,,ابراهيم سليمان,وصف,نعم,2
القاش البقيرو كتير معاك موخايل .. ونتعداه مادابنو فكرك جايل .. برجاك النقير جايب لبلبو المو مايل .. ونزلوه اولاد ابونا القايله واصبح سايل,القاش البقيرو كتير معاك موخايل,ونتعداه مادابنو فكرك جايل,برجاك النقير جايب لبلبو المو مايل,ونزلوه اولاد ابونا القايله واصبح سايل,,ابراهيم سليمان,وصف,نعم,2
الخلانى برد القاش معاك واتغرب .. شايفلك ضيوف زمن السنين تتكرب .. أبشرى الصيفى وجهو عليك وخيرك قرب .. لابد نزله في الليد المقامه محرب,الخلانى برد القاش معاك واتغرب,شايفلك ضيوف زمن السنين تتكرب,أبشرى الصيفى وجهو عليك وخيرك قرب,لابد نزله في الليد المقامه محرب,,ابراهيم سليمان,وصف,نعم,2
اللخضر عنابيف الجرى الندار .. جن جاريات وراك كاسيات خلاص التار .. بعد ما وصلن ميس العناد الحار .. جيت وجهك خلا وضهرك وراه كتار,اللخضر عنابيف الجرى الندار,جن جاريات وراك كاسيات خلاص التار,بعد ما وصلن ميس العناد الحار,جيت وجهك خلا وضهرك وراه كتار,,,وصف,نعم,2
الكايس زباك ومن صباحو مبدر .. اسقيتو المراير الحالتن بتكدر .. بالجدع المفاسح والجرى المتحضر .. فرط الليدو نفاية الهوا البسدر,الكايس زباك ومن صباحو مبدر,اسقيتو المراير الحالتن بتكدر,بالجدع المفاسح والجرى المتحضر,فرط الليدو نفاية الهوا البسدر,,,وصف,نعم,2
يوما بي مجالس أمات عروض بنفرق .. ويوما نحن في العقبة اللهوبه بحرق .. يا مسكينة البدف من الدميره مشرق .. برضيك بي ردايفا قلبي ليهن جرق,يوما بي مجالس أمات عروض بنفرق,ويوما نحن في العقبة اللهوبه بحرق,يا مسكينة البدف من الدميره مشرق,برضيك بي ردايفا قلبي ليهن جرق,,,وصف,نعم,2
كم شديت على التلب الكزازي أب دومه .. وكم قطعتهن من سنجه طالبات رومه .. الروح ما بتفارق الجته قبال يومه .. ياريت كل نسلم من فلانه ولومه,كم شديت على التلب الكزازي أب دومه,وكم قطعتهن من سنجه طالبات رومه,الروح ما بتفارق الجته قبال يومه,ياريت كل نسلم من فلانه ولومه,,,,نعم,2
من زمن الخليفة مغلبنوا كبارنا .. قاطعين روسنا وغنموا مالنا .. في الحاره أم سلاحا يعوى نستر حالنا .. يا كارلس معذب بينا مالك ومالك,من زمن الخليفة مغلبنوا كبارنا,قاطعين روسنا وغنموا مالنا,في الحاره أم سلاحا يعوى نستر حالنا,يا كارلس معذب بينا مالك ومالك,,النهاض,وصف,نعم,2
من زمن الخليفه الحال بقت مرهونه .. عضام شيابنا راقدات في المشانق شونه .. بالقيد والسجن يا أحموده ما بهدونه .. نحن اخوان بريريبة الجزو الد رفونه,من زمن الخليفه الحال بقت مرهونه,عضام شيابنا راقدات في المشانق شونه,بالقيد والسجن يا أحموده ما بهدونه,نحن اخوان بريريبة الجزو الد رفونه,,النهاض,وصف,نعم,2
مادام أم قجه وارده وسادره بالمسدار .. شن جابر على الحش والملود الحار .. إبل البعشى مريتو قبل الجار .. نوديه دورين غرب سنار,مادام أم قجه وارده وسادره بالمسدار,شن جابر على الحش والملود الحار,إبل البعشى مريتو قبل الجار,نوديه دورين غرب سنار,,,وصف,نعم,2
ياساتر على ركب المهاجره أل لفوا .. ويلقوا الختوه في مال البدان يستفوا .. يسوقوا أم دا نقيس الريشه الهبوب بزفو .. ويصبح سيده يخمش في التراب وبسفو,ياساتر على ركب المهاجره أل لفوا,ويلقوا الختوه في مال البدان يستفوا,يسوقوا أم دا نقيس الريشه الهبوب بزفو,ويصبح سيده يخمش في التراب وبسفو,,,وصف,نعم,2
كم شقيت غربه فيها بقلب لوني .. وكم باريت جنينا في الخلا بشوروني .. ردي ببعدوا اصحاب ساحتي ما بريبوني .. كراعي تقيله بحرت كفى شن لحقوني,كم شقيت غربه فيها بقلب لوني,وكم باريت جنينا في الخلا بشوروني,ردي ببعدوا اصحاب ساحتي ما بريبوني,كراعي تقيله بحرت كفى شن لحقوني,,,وصف,نعم,2
ياود التكيت طلقن هبايب جبره .. وسيد أم قجه من الرادي خانقه العبره .. الشايل فريريرو ومقوى الكبره .. بنشهيه سوق ست السرا المتبره,ياود التكيت طلقن هبايب جبره,وسيد أم قجه من الرادي خانقه العبره,الشايل فريريرو ومقوى الكبره,بنشهيه سوق ست السرا المتبره,,,وصف,نعم,2
أب قنب اللفج كوعو وسمح تضريعو .. عسرات اللكب حي الشقوق بتريعو .. كل عامرا مراجى السوق بفك تقريعو .. نحن قرانازي ما يتفق بنبيعو,أب قنب اللفج كوعو وسمح تضريعو,عسرات اللكب حي الشقوق بتريعو,كل عامرا مراجى السوق بفك تقريعو,نحن قرانازي ما يتفق بنبيعو,,عبدالمنان عبدالماجد,وصف,نعم,2
عقب الدندر الغيبه ومنوى شروق .. ركز العقب حز فوق جد ابو البرقوق .. يا الخليت الوراك ساف الوطى ومحروق .. كب آخر إيدك يا الحوري الجلب مشروق,عقب الدندر الغيبه ومنوى شروق,ركز العقب حز فوق جد ابو البرقوق,يا الخليت الوراك ساف الوطى ومحروق,كب آخر إيدك يا الحوري الجلب مشروق,,عبدالمنان عبدالماجد,وصف,نعم,2
الليله السجن جابلو نكتامه وحره .. ونحن جرا رقو يا ساتر على ناس بره .. الولد البعتيها ويتنى الجره .. يخبر لي مراح حسب الله وين ما فره,الليله السجن جابلو نكتامه وحره,ونحن جرا رقو يا ساتر على ناس بره,الولد البعتيها ويتنى الجره,يخبر لي مراح حسب الله وين ما فره,,,وعيد,نعم,2
ماني الخايب الدايما بقول سويت .. وما نهروني عن ساعة السؤال قريت .. إن بردن قروش ماني البخيل صريت .. وإن حرن بكار ماهن صفائح زيت,ماني الخايب الدايما بقول سويت,وما نهروني عن ساعة السؤال قريت,إن بردن قروش ماني البخيل صريت,وإن حرن بكار ماهن صفائح زيت,,سليمان علي الضو الكمالابي,,نعم,2
مصروف البنات والكيله .. فوقك يا هجين الردفولو التيله .. عيشة القوي أحسن لينا ماها ذليلة .. ما بتدريك ال من الله جايه نزيلة,مصروف البنات والكيله,فوقك يا هجين الردفولو التيله,عيشة القوي أحسن لينا ماها ذليلة,ما بتدريك ال من الله جايه نزيلة,,,,نعم,2
دردرني الفقر لامن بقيت شنكيت .. ودني الغبائن لي جبال فترتيت .. اما جبت مالا فرح أم سوميت .. واما فوق جبال تقلي انجدع ماجيت,دردرني الفقر لامن بقيت شنكيت,ودني الغبائن لي جبال فترتيت,اما جبت مالا فرح أم سوميت,واما فوق جبال تقلي انجدع ماجيت,,,,نعم,2
ماني التمبل ال في البيت شغلتو حليب .. بدور الشد فوق إبلا شوافى ونيب .. إن حرن منخت الشكره ما بنعيب .. وان بردن بنكافيبن سوالف ام طيب,ماني التمبل ال في البيت شغلتو حليب,بدور الشد فوق إبلا شوافى ونيب,إن حرن منخت الشكره ما بنعيب,وان بردن بنكافيبن سوالف ام طيب,,أمير ود ضحويه,,نعم,2
مساريا على كسمور بجن قطاع .. مراديف كلهن من الصعب للطاع .. قامولن جنينا في الطلق بتاع .. بكافوبن سوالف العقربن لطاع,مساريا على كسمور بجن قطاع,مراديف كلهن من الصعب للطاع,قامولن جنينا في الطلق بتاع,بكافوبن سوالف العقربن لطاع,,,,نعم,2
الدشر المسارى وادرتت عطافتو .. استامن خلاص من القران ومخافتو .. الداير فراق مرتو وتريم طافتو .. ال يمرق على كسمور بخربو قيافتو,الدشر المسارى وادرتت عطافتو,استامن خلاص من القران ومخافتو,الداير فراق مرتو وتريم طافتو,ال يمرق على كسمور بخربو قيافتو,,,وعيد,نعم,2
الولد البدور قطع الكراع والراس .. برضو ال يبقى لي طوال النديب قناص .. جنبا إن سجبوك في صي بي قراص .. جنبا إن رقصوك وأسامعوب الناس,الولد البدور قطع الكراع والراس,برضو ال يبقى لي طوال النديب قناص,جنبا إن سجبوك في صي بي قراص,جنبا إن رقصوك وأسامعوب الناس,,,,نعم,2
كر يانوح من دا الخراب .. عجب عيني تأكل فيه الكلاب .. ود دقلش ميح من الركاب .. أخير دامن قولة جفلوا المرغماب,كر يانوح من دا الخراب,عجب عيني تأكل فيه الكلاب,ود دقلش ميح من الركاب,أخير دامن قولة جفلوا المرغماب,,شغبة,هجاء,نعم,2
يقن لي خرابك يا عديد نوير .. راحوا النايرين فضلوا البما سحو الكيل .. ود دقلش يكفي لي هوايد الليل .. ود نواي كتل فارس التقيله ام حيل .. شغبه وين تقبل بي كبيرة الضيل,يقن لي خرابك يا عديد نوير,راحوا النايرين فضلوا البما سحو الكيل,ود دقلش يكفي لي هوايد الليل,ود نواي كتل فارس التقيله ام حيل,,شغبة,وصف,نعم,2
دب العركشاب وكتا يلوكوا المر .. تدبت للكتال متل الكباش الغر .. يدعكوا على الصف الدميه تخر .. ويصف لون متل دهب الجمار الحر,دب العركشاب وكتا يلوكوا المر,تدبت للكتال متل الكباش الغر,يدعكوا على الصف الدميه تخر,ويصف لون متل دهب الجمار الحر,,شغبة,وصف,نعم,2
حمد المليحابي سدر للباك .. وسنتين بدولب في البشربو التمباك .. كتل الشيخ برير وحرق حشا الدعاك .. وجاب ال في الصفيه رقهن بتراك,حمد المليحابي سدر للباك,وسنتين بدولب في البشربو التمباك,كتل الشيخ برير وحرق حشا الدعاك,وجاب ال في الصفيه رقهن بتراك,,شغبة,وصف,نعم,2
جيد يا برير الضقت النكور والهول .. وكسر الهمبروك عيش السديره الخور .. سوقه الحدم العقدن قفيهن شول .. كتلة البرمكي مع صباح البول,جيد يا برير الضقت النكور والهول,وكسر الهمبروك عيش السديره الخور,سوقه الحدم العقدن قفيهن شول,كتلة البرمكي مع صباح البول,,شغبة,وصف,نعم,2
جيد يا برير ضقت النكور إت حي .. وكسر الهمبروك عيش السديرة الني .. سوقة الحدم العقدن قفيهن لي .. كتله البرمكي مع صباح الضي,جيد يا برير ضقت النكور إت حي,وكسر الهمبروك عيش السديرة الني,سوقة الحدم العقدن قفيهن لي,كتله البرمكي مع صباح الضي,,شغبة,وصف,نعم,2
ود العز برير ضرب النحاس ما بخاف .. وعندو الدكري البياخد تلاتة أخفاف .. حالف بالطلاق ما يفوت بنات عساف .. إلا الراس يفارق الجته واللكتاف,ود العز برير ضرب النحاس ما بخاف,وعندو الدكري البياخد تلاتة أخفاف,حالف بالطلاق ما يفوت بنات عساف,إلا الراس يفارق الجته واللكتاف,,شغبة,وصف,نعم,2
جملي في أم شديده قلدو وهدو .. والمال لي مساديرو القدم ودوا .. والطير يا سراحين الوجوه غدو .. والبجفل شناعو للبنات ودوا,جملي في أم شديده قلدو وهدو,والمال لي مساديرو القدم ودوا,والطير يا سراحين الوجوه غدو,والبجفل شناعو للبنات ودوا,,شغبة,وصف,نعم,2
اتلمت جهينة وطرطر أم هبود .. يحسبوه كتالنا بالحجر والعود .. أرجوهن صباحات الكواهله قعود .. فسراع شبعوا اللين من المترود,اتلمت جهينة وطرطر أم هبود,يحسبوه كتالنا بالحجر والعود,أرجوهن صباحات الكواهله قعود,فسراع شبعوا اللين من المترود,,شغبة,وصف,نعم,2
اليوم يا جهينة حدكن فتوه .. وسعيتولكن خيول درب النكور عستوه .. فارس السبعتين جيد اللقا ضقتوه .. كوسولكن سبيب ضنب الحصان اكتوه,اليوم يا جهينة حدكن فتوه,وسعيتولكن خيول درب النكور عستوه,فارس السبعتين جيد اللقا ضقتوه,كوسولكن سبيب ضنب الحصان اكتوه,,شغبة,وصف,نعم,2
محيناك يا لوح وكسرناك يا دوايه .. لهيج الحم أحسن من القرايه .. وقلبت الشد على اللفض التنايه .. ومقالبه البكار كبد السحايه,محيناك يا لوح وكسرناك يا دوايه,لهيج الحم أحسن من القرايه,وقلبت الشد على اللفض التنايه,ومقالبه البكار كبد السحايه,,شغبة,وصف,نعم,2
يا اب ضهرا متل فرنيبة الشراك .. ياعصار سبيب ضيلك على اللوراك .. العزبه بتكوشك وأم رهيط تبراك .. ربدات النعام فيها العجز مالاك,يا اب ضهرا متل فرنيبة الشراك,ياعصار سبيب ضيلك على اللوراك,العزبه بتكوشك وأم رهيط تبراك,ربدات النعام فيها العجز مالاك,,حسين,,نعم,2
ديلك ريره أم قلوت مكمن القيمان .. وداك حجر الصفية مقابل الغبشان .. وفوق حدبة كشيشه بقرقر الضهلان .. شدرات ود كوه فيهن ام قرقدا نديان,ديلك ريره أم قلوت مكمن القيمان,وداك حجر الصفية مقابل الغبشان,وفوق حدبة كشيشه بقرقر الضهلان,شدرات ود كوه فيهن ام قرقدا نديان,,حسين,,نعم,2
قول للمك عجيب ما عندنا ليك الات .. برادق ود بقيع والدكرى الكفات .. أكلنا العكه ونفطر على نبقات .. دقن نقارة البركات .. عرضوا اولاد كمال جوها الدبس قتات,قول للمك عجيب ما عندنا ليك الات,برادق ود بقيع والدكرى الكفات,أكلنا العكه ونفطر على نبقات,دقن نقارة البركات,,شغبة,,نعم,2
الزين ما بفسل والفسل ما بزين .. والجنس الرخيص ما بنفعو التخسين .. الدخل البطون ما بتقطعو السكين .. يا مرجان نعل ناس بت عجيب طيبين,الزين ما بفسل والفسل ما بزين,والجنس الرخيص ما بنفعو التخسين,الدخل البطون ما بتقطعو السكين,يا مرجان نعل ناس بت عجيب طيبين,,حسين,,نعم,2
ولدى مو دبادب عينة أم بشار .. صدر البرزم الفيه الحبر عشار .. شن بلد السنط غير الدباغ الحار .. جيد الما قالوا تخر الرماد النار,ولدى مو دبادب عينة أم بشار,صدر البرزم الفيه الحبر عشار,شن بلد السنط غير الدباغ الحار,جيد الما قالوا تخر الرماد النار,,شغبة,,نعم,2
دب بيوتا مافيهن أم كراب .. روسن قش قعورن في الوطى رتاب .. اهلي يا وليد نزلوا مزارق الطاب .. عز الناس أهلنا اللاخرين بتاب,دب بيوتا مافيهن أم كراب,روسن قش قعورن في الوطى رتاب,اهلي يا وليد نزلوا مزارق الطاب,عز الناس أهلنا اللاخرين بتاب,,شغبة,,نعم,2
الليله هبوب اهلي ملت نفسي .. ومن رطنى الضناقله واكتير هوسي .. فارقت الحوار الفي الشبك رفسي .. فارقت الخلفه المسارى والجمل رادي,الليله هبوب اهلي ملت نفسي,ومن رطنى الضناقله واكتير هوسي,فارقت الحوار الفي الشبك رفسي,فارقت الخلفه المسارى والجمل رادي,,شغبة,,نعم,2
حليل البركبوا التيس أب صريمه .. وحليل البنزلوا حدب أم قضيضيمه .. وحليل الجاهلن ما بدور تعليمه .. حليل البقطعوا الشك في العزيمه .. وأهلي المرغماب يادوبه ليهن ديمه,حليل البركبوا التيس أب صريمه,وحليل البنزلوا حدب أم قضيضيمه,وحليل الجاهلن ما بدور تعليمه,حليل البقطعوا الشك في العزيمه,,شغبة,,نعم,2
حليل البركبوا التيس البشارى .. وحليل الكمشوا الخلفة المسارى .. وحليل البلفحوا التوب العشارى .. وحليل الفي الكتال حاكو الهلالى,حليل البركبوا التيس البشارى,وحليل الكمشوا الخلفة المسارى,وحليل البلفحوا التوب العشارى,وحليل الفي الكتال حاكو الهلالى,,شغبة,,نعم,2
شغبة ماتلوموها في كلام الحر .. وطارياهن عكاكير البحر والبر .. أولاد اب زمام البركبو اللشقر .. الناس من خيالاتن جميع تنصر,شغبة ماتلوموها في كلام الحر,وطارياهن عكاكير البحر والبر,أولاد اب زمام البركبو اللشقر,الناس من خيالاتن جميع تنصر,,شغبة,,نعم,2
ادندح سحاب شغبه أب قماقما غر .. تسع أيام ليلو ونهارو بكر .. اسياد الخلى التحت السيول بدر .. اتعشو ال قوا ورقدوا الضعاف بالضر,ادندح سحاب شغبه أب قماقما غر,تسع أيام ليلو ونهارو بكر,اسياد الخلى التحت السيول بدر,اتعشو ال قوا ورقدوا الضعاف بالضر,,شغبة,,نعم,2
العيش في القراف والنار طفاها السيل .. واتعشوا ال قوا ورقدوا الضعاف بالميل .. قاموا لي العبيد جابو العمار بالكيل .. من جماما في مخاريق العقول هاديل,العيش في القراف والنار طفاها السيل,واتعشوا ال قوا ورقدوا الضعاف بالميل,قاموا لي العبيد جابو العمار بالكيل,من جماما في مخاريق العقول هاديل,,شغبة,,نعم,2
الليله على القبله بدا البحات .. والحم كجرن بيتن من النقاط .. خالف التر ورا الماصع جرن قاتات .. كاكا اركضت واتفالت النطاط .. وباروك القوايم في المواهل عاط,الليله على القبله بدا البحات,والحم كجرن بيتن من النقاط,خالف التر ورا الماصع جرن قاتات,كاكا اركضت واتفالت النطاط,,شغبة,,نعم,2
اول في زمان اللحراب .. نقعد في ضرى درق الجنا التياب .. اولاد امات قناعا مانطرن عياب .. بي زرق الحساده بكملوا الشياب,اول في زمان اللحراب,نقعد في ضرى درق الجنا التياب,اولاد امات قناعا مانطرن عياب,بي زرق الحساده بكملوا الشياب,,شغبة,,نعم,2
اول في زمان الحرب .. نقعد في ضراهن ما بنخاف السلب .. اولاد امات قناعا ما بنبح كلب .. بدعكوا على الحربه التريع القلب,اول في زمان الحرب,نقعد في ضراهن ما بنخاف السلب,اولاد امات قناعا ما بنبح كلب,بدعكوا على الحربه التريع القلب,,شغبة,,نعم,2
وكتا تجينا اللحراب .. بنكيل الحميسي وننفض البتاب .. بي زرق الحساده بنكمل الشياب .. ونرقد في ضرى درق الجنا التياب,وكتا تجينا اللحراب,بنكيل الحميسي وننفض البتاب,بي زرق الحساده بنكمل الشياب,ونرقد في ضرى درق الجنا التياب,,شغبة,فخر,نعم,2